threshold,audits,misses,empirical_miss_rate,upper95,capacity_431,capacity_13
0.0001,10,0,0.0,0.2588655508930522,8,0
0.00025,10,0,0.0,0.2588655508930522,8,0
0.0005,14,0,0.0,0.19263617565013527,11,0
0.001,18,2,0.1111111111111111,0.31026273969821105,6,0
0.002,24,2,0.08333333333333333,0.23980101612880178,8,0
0.004,34,2,0.058823529411764705,0.17381130653830862,12,0
0.008,40,2,0.05,0.14915196127321298,14,0
0.012,45,3,0.06666666666666667,0.16338838109952247,13,0
0.02,47,3,0.06382978723404255,0.1567918247469451,13,0
0.05,48,3,0.0625,0.1536889988733396,14,0
0.1,50,3,0.06,0.14783717636418123,14,0
2.0,54,5,0.09259259259259259,0.1848784434166947,11,0
