policy,seed,mean_impact_stale,median_impact_stale,max_impact_stale,mean_unweighted_stale,max_unweighted_stale,final_impact_stale,final_unweighted_stale,recomputes
random,0,0.2897241453280947,0.20591067154405454,0.47479067876981446,0.09533928571428571,0.17,0.43170934381068515,0.17,28
probability_only,0,0.3068727935626222,0.20257733821072121,0.48145734543648117,0.08271428571428573,0.15,0.4781240121031478,0.14,28
impact_only,0,0.09198590654253844,0.0732213340559093,0.18924400487738788,0.08917857142857143,0.17,0.07988800072257599,0.17,28
joint_known,0,0.0758397203889007,0.046666666666666676,0.14282933658492528,0.08376785714285713,0.16,0.053333333333333344,0.16,28
joint_learned,0,0.0758397203889007,0.046666666666666676,0.14282933658492528,0.08376785714285713,0.16,0.053333333333333344,0.16,28
recompute_all,0,0.0,0.0,0.0,0.0,0.0,0.0,0.0,560
never_recompute,0,0.31497398403881266,0.20591067154405454,0.49812401210314783,0.10701785714285712,0.2,0.49812401210314783,0.2,0
random,1,0.11887516774085327,0.13621866955697057,0.15953800298062593,0.12189285714285712,0.17,0.15953800298062593,0.17,28
probability_only,1,0.11061220572770496,0.11966400216772793,0.18275933703653524,0.10755357142857143,0.17,0.18275933703653524,0.17,28
impact_only,1,0.08948635734608164,0.08320733414623133,0.15621866955697059,0.12573214285714285,0.18,0.08654066747956465,0.18,28
joint_known,1,0.05917017551499669,0.05666666666666668,0.08654066747956465,0.12760714285714284,0.18,0.08654066747956465,0.18,28
joint_learned,1,0.05917017551499669,0.05666666666666668,0.08654066747956465,0.12760714285714284,0.18,0.08654066747956465,0.18,28
recompute_all,1,0.0,0.0,0.0,0.0,0.0,0.0,0.0,560
never_recompute,1,0.12387516774085323,0.1363306688343946,0.1695380029806259,0.13689285714285715,0.2,0.1695380029806259,0.2,0
random,2,0.0981321209218005,0.030000000000000006,0.5014573454364811,0.09528571428571428,0.21,0.5014573454364811,0.21,28
probability_only,2,0.1366480030773995,0.09308133495912929,0.3454066747956465,0.07775,0.16,0.3454066747956465,0.16,28
impact_only,2,0.04216013364429907,0.030000000000000006,0.1064146682924626,0.09444642857142857,0.19,0.06000000000000001,0.18,28
joint_known,2,0.04374222908239302,0.023333333333333338,0.10974800162579597,0.07803571428571429,0.16,0.10974800162579597,0.16,28
joint_learned,2,0.04374222908239302,0.023333333333333338,0.10974800162579597,0.07803571428571429,0.16,0.10974800162579597,0.16,28
recompute_all,2,0.0,0.0,0.0,0.0,0.0,0.0,0.0,560
never_recompute,2,0.2703168874716938,0.2689920065031839,0.5014573454364811,0.10685714285714283,0.21,0.2657986722666306,0.21,0
random,3,0.07224825243062946,0.04000000000000001,0.19011787020728896,0.11428571428571428,0.21,0.19011787020728896,0.21,28
probability_only,3,0.03562765159579616,0.03333333333333334,0.0738992006503184,0.09101785714285714,0.16,0.0738992006503184,0.16,28
impact_only,3,0.049696089863936366,0.04000000000000001,0.11712053470622769,0.11655357142857142,0.22,0.11712053470622769,0.22,28
joint_known,3,0.04173479445293902,0.04000000000000001,0.08389920065031839,0.10933928571428572,0.19,0.08389920065031839,0.19,28
joint_learned,3,0.04173479445293902,0.04000000000000001,0.08389920065031839,0.10933928571428572,0.19,0.08389920065031839,0.19,28
recompute_all,3,0.0,0.0,0.0,0.0,0.0,0.0,0.0,560
never_recompute,3,0.07402206195443899,0.04000000000000001,0.1967845368739556,0.11960714285714287,0.23,0.1967845368739556,0.23,0
random,4,0.10870631641086186,0.0731653344171973,0.29232533983651726,0.1040892857142857,0.19,0.29232533983651726,0.19,28
probability_only,4,0.10185512593467143,0.06316533441719731,0.278992006503184,0.08353571428571427,0.15,0.278992006503184,0.15,28
impact_only,4,0.060585538964264746,0.06983200108386398,0.1628293365849252,0.09366071428571429,0.17,0.09316533441719732,0.17,28
joint_known,4,0.07708736798472267,0.06983200108386398,0.17282933658492525,0.09573214285714286,0.18,0.17282933658492525,0.18,28
joint_learned,4,0.07673617750853219,0.06983200108386398,0.16949600325159192,0.09467857142857142,0.17,0.16949600325159192,0.17,28
recompute_all,4,0.0,0.0,0.0,0.0,0.0,0.0,0.0,560
never_recompute,4,0.10674798307752854,0.06983200108386398,0.29232533983651726,0.09821428571428568,0.19,0.29232533983651726,0.19,0
random,5,0.12175295481964638,0.036666666666666674,0.28899200650318385,0.10014285714285716,0.16,0.28565867316985066,0.15,28
probability_only,5,0.11657438339107493,0.026666666666666672,0.28565867316985066,0.08460714285714285,0.15,0.28565867316985066,0.15,28
impact_only,5,0.03482738095238096,0.036666666666666674,0.06000000000000001,0.10448214285714286,0.18,0.06000000000000001,0.18,28
joint_known,5,0.03161904761904762,0.03333333333333334,0.05666666666666668,0.09485714285714286,0.17,0.05666666666666668,0.17,28
joint_learned,5,0.03161904761904762,0.03333333333333334,0.05666666666666668,0.09485714285714286,0.17,0.05666666666666668,0.17,28
recompute_all,5,0.0,0.0,0.0,0.0,0.0,0.0,0.0,560
never_recompute,5,0.1244493833910749,0.036666666666666674,0.2989920065031839,0.10823214285714285,0.19,0.2989920065031839,0.19,0
random,6,0.09277465790543288,0.12055638350720319,0.1362886691053606,0.09626785714285714,0.16,0.1362886691053606,0.16,28
probability_only,6,0.0697993214559906,0.0830813349591293,0.12962200243869393,0.08332142857142857,0.15,0.1064146682924626,0.15,28
impact_only,6,0.06520388336204282,0.08641466829246264,0.11734904936097187,0.10682142857142855,0.19,0.09414171521474055,0.19,28
joint_known,6,0.0557844280036903,0.05666666666666668,0.1064146682924626,0.10323214285714286,0.18,0.06000000000000001,0.18,28
joint_learned,6,0.05424276133702363,0.053333333333333344,0.10308133495912927,0.09860714285714285,0.17,0.05666666666666668,0.17,28
recompute_all,6,0.0,0.0,0.0,0.0,0.0,0.0,0.0,560
never_recompute,6,0.09842346742924239,0.12055638350720319,0.14962200243869392,0.1132142857142857,0.2,0.14962200243869392,0.2,0
random,7,0.17177678934329457,0.18282933658492526,0.4184880097547759,0.12337500000000001,0.22,0.18282933658492526,0.2,28
probability_only,7,0.16091964648615173,0.16282933658492524,0.4018213430881093,0.09080357142857143,0.17,0.16949600325159195,0.16,28
impact_only,7,0.041017857142857155,0.046666666666666676,0.07333333333333333,0.12305357142857143,0.22,0.07333333333333333,0.22,28
joint_known,7,0.03500000000000001,0.04000000000000001,0.06666666666666668,0.10499999999999998,0.2,0.06666666666666668,0.2,28
joint_learned,7,0.033702380952380956,0.04000000000000001,0.06333333333333335,0.10110714285714285,0.19,0.06333333333333335,0.19,28
recompute_all,7,0.0,0.0,0.0,0.0,0.0,0.0,0.0,560
never_recompute,7,0.17438393220043746,0.18282933658492526,0.4184880097547759,0.13119642857142857,0.23,0.19282933658492524,0.23,0
random,8,0.04810126063702815,0.05080838188140722,0.07414171521474053,0.06739285714285713,0.13,0.07414171521474053,0.13,28
probability_only,8,0.046261974922742435,0.05080838188140722,0.07414171521474053,0.061875,0.13,0.07414171521474053,0.13,28
impact_only,8,0.050958403494170995,0.05414171521474055,0.08414171521474056,0.0759642857142857,0.16,0.08414171521474056,0.16,28
joint_known,8,0.020892857142857147,0.020000000000000004,0.04333333333333334,0.06267857142857142,0.13,0.04333333333333334,0.13,28
joint_learned,8,0.02150000000000001,0.020000000000000004,0.04333333333333334,0.06449999999999999,0.13,0.04333333333333334,0.13,28
recompute_all,8,0.0,0.0,0.0,0.0,0.0,0.0,0.0,560
never_recompute,8,0.050958403494170995,0.05414171521474055,0.08414171521474056,0.0759642857142857,0.16,0.08414171521474056,0.16,0
random,9,0.08911513635395901,0.08503093528428848,0.2111936052025471,0.05462499999999999,0.1,0.170061870568577,0.1,28
probability_only,9,0.09048418397300663,0.08836426861762181,0.21452693853588042,0.05873214285714286,0.1,0.16672853723524367,0.09,28
impact_only,9,0.07559447116470216,0.05056586731698506,0.17339520390191032,0.05848214285714286,0.11,0.05056586731698506,0.09,28
joint_known,9,0.015291666666666669,0.01666666666666667,0.030000000000000006,0.045875,0.09,0.026666666666666672,0.08,28
joint_learned,9,0.04687275324030168,0.01666666666666667,0.14949600325159193,0.04851785714285713,0.1,0.026666666666666672,0.08,28
recompute_all,9,0.0,0.0,0.0,0.0,0.0,0.0,0.0,560
never_recompute,9,0.09129966016348282,0.08836426861762181,0.21452693853588042,0.06117857142857142,0.11,0.170061870568577,0.1,0
random,10,0.035404761904761904,0.03333333333333334,0.053333333333333344,0.10621428571428572,0.16,0.053333333333333344,0.16,28
probability_only,10,0.02789285714285715,0.026666666666666672,0.04333333333333334,0.08367857142857142,0.13,0.04333333333333334,0.13,28
impact_only,10,0.03829761904761906,0.036666666666666674,0.06000000000000001,0.11489285714285713,0.18,0.06000000000000001,0.18,28
joint_known,10,0.03269642857142858,0.030000000000000006,0.053333333333333344,0.0980892857142857,0.16,0.053333333333333344,0.16,28
joint_learned,10,0.03269642857142858,0.030000000000000006,0.053333333333333344,0.0980892857142857,0.16,0.053333333333333344,0.16,28
recompute_all,10,0.0,0.0,0.0,0.0,0.0,0.0,0.0,560
never_recompute,10,0.03829761904761906,0.036666666666666674,0.06000000000000001,0.11489285714285713,0.18,0.06000000000000001,0.18,0
random,11,0.023815476190476196,0.020000000000000004,0.046666666666666676,0.07144642857142856,0.14,0.046666666666666676,0.14,28
probability_only,11,0.02102976190476191,0.01666666666666667,0.04333333333333334,0.06308928571428571,0.13,0.04333333333333334,0.13,28
impact_only,11,0.02525595238095239,0.023333333333333338,0.05000000000000001,0.07576785714285714,0.15,0.05000000000000001,0.15,28
joint_known,11,0.025613095238095244,0.023333333333333338,0.053333333333333344,0.07683928571428572,0.16,0.053333333333333344,0.16,28
joint_learned,11,0.023988095238095246,0.020000000000000004,0.05000000000000001,0.0719642857142857,0.15,0.05000000000000001,0.15,28
recompute_all,11,0.0,0.0,0.0,0.0,0.0,0.0,0.0,560
never_recompute,11,0.025613095238095244,0.023333333333333338,0.053333333333333344,0.07683928571428572,0.16,0.053333333333333344,0.16,0
random,12,0.15044409874775,0.1593700040644899,0.2530592060696383,0.053946428571428576,0.12,0.2530592060696383,0.12,28
probability_only,12,0.13418053512557984,0.16270333739782322,0.20326920471480828,0.06221428571428571,0.12,0.20326920471480828,0.12,28
impact_only,12,0.04363664911839279,0.04000000000000001,0.13620466964729258,0.07519642857142857,0.13,0.06056586731698506,0.12,28
joint_known,12,0.035810781059477034,0.036666666666666674,0.06320733414623132,0.073625,0.12,0.057232533983651725,0.11,28
joint_learned,12,0.035810781059477034,0.036666666666666674,0.06320733414623132,0.073625,0.12,0.057232533983651725,0.11,28
recompute_all,12,0.0,0.0,0.0,0.0,0.0,0.0,0.0,560
never_recompute,12,0.16793383107205762,0.1693700040644899,0.2895998735492031,0.08864285714285715,0.15,0.2895998735492031,0.15,0
random,13,0.02751796762601532,0.023333333333333338,0.0738992006503184,0.08189285714285714,0.16,0.0738992006503184,0.16,28
probability_only,13,0.02067261904761905,0.020000000000000004,0.04000000000000001,0.06201785714285714,0.12,0.03333333333333334,0.1,28
impact_only,13,0.02751796762601532,0.023333333333333338,0.0738992006503184,0.08189285714285714,0.16,0.0738992006503184,0.16,28
joint_known,13,0.02488701524506294,0.020000000000000004,0.07056586731698505,0.074,0.15,0.07056586731698505,0.15,28
joint_learned,13,0.02488701524506294,0.020000000000000004,0.07056586731698505,0.074,0.15,0.07056586731698505,0.15,28
recompute_all,13,0.0,0.0,0.0,0.0,0.0,0.0,0.0,560
never_recompute,13,0.02751796762601532,0.023333333333333338,0.0738992006503184,0.08189285714285714,0.16,0.0738992006503184,0.16,0
random,14,0.1287411024767582,0.1362466693763266,0.24714040554577066,0.10958928571428572,0.18,0.24380707221243733,0.17,28
probability_only,14,0.11628192963271206,0.12624666937632661,0.22059973806620603,0.09425,0.18,0.21393307139953938,0.16,28
impact_only,14,0.046512043470687284,0.04000000000000001,0.10309533486880731,0.10267857142857142,0.17,0.079874000812898,0.16,28
joint_known,14,0.03812150486125896,0.04333333333333334,0.07655466738924266,0.10478571428571427,0.17,0.05000000000000001,0.15,28
joint_learned,14,0.03812150486125896,0.04333333333333334,0.07655466738924266,0.10478571428571427,0.17,0.05000000000000001,0.15,28
recompute_all,14,0.0,0.0,0.0,0.0,0.0,0.0,0.0,560
never_recompute,14,0.13427086438152017,0.14291333604299325,0.2604737388791041,0.12617857142857142,0.22,0.2571404055457707,0.21,0
random,15,0.08880601012251536,0.05080838188140722,0.3064670550512578,0.05885714285714286,0.12,0.06747504854807387,0.11,28
probability_only,15,0.10760541061025417,0.047475048548073884,0.3164670550512579,0.06223214285714286,0.15,0.31313372171792453,0.14,28
impact_only,15,0.038314370552448046,0.047475048548073884,0.07414171521474053,0.06675,0.14,0.04333333333333334,0.13,28
joint_known,15,0.036117941981019475,0.04414171521474055,0.0708083818814072,0.06016071428571428,0.13,0.04000000000000001,0.12,28
joint_learned,15,0.036117941981019475,0.04414171521474055,0.0708083818814072,0.06016071428571428,0.13,0.04000000000000001,0.12,28
recompute_all,15,0.0,0.0,0.0,0.0,0.0,0.0,0.0,560
never_recompute,15,0.1104387439435875,0.05414171521474055,0.31980038838459107,0.07073214285714285,0.16,0.3164670550512579,0.15,0
random,16,0.09378827797885174,0.04988800072257599,0.20271733730750124,0.09369642857142857,0.19,0.19938400397416792,0.18,28
probability_only,16,0.12828460864768612,0.09435306868987943,0.2371824052748047,0.07974999999999999,0.16,0.2338490719414713,0.15,28
impact_only,16,0.09181818262462821,0.056554667389242655,0.20605067064083457,0.10023214285714285,0.2,0.08322133405590931,0.18,28
joint_known,16,0.037907628821749535,0.04833333333333334,0.0732213340559093,0.08951785714285714,0.17,0.053333333333333344,0.16,28
joint_learned,16,0.037907628821749535,0.04833333333333334,0.0732213340559093,0.08951785714285714,0.17,0.053333333333333344,0.16,28
recompute_all,16,0.0,0.0,0.0,0.0,0.0,0.0,0.0,560
never_recompute,16,0.13816556102863853,0.10435306868987942,0.2538490719414714,0.10939285714285713,0.21,0.250515738608138,0.2,0
random,17,0.22837215324417268,0.3784880097547758,0.4018213430881093,0.077125,0.15,0.4018213430881093,0.15,28
probability_only,17,0.24522502999980653,0.3983760104773519,0.42170934381068526,0.07319642857142858,0.14,0.42170934381068526,0.14,28
impact_only,17,0.12409766469248584,0.1660506706408346,0.18938400397416788,0.07971428571428571,0.15,0.18938400397416788,0.15,28
joint_known,17,0.042797705337384924,0.04655466738924265,0.06988800072257598,0.07291071428571429,0.14,0.06988800072257598,0.14,28
joint_learned,17,0.03994056248024206,0.04322133405590932,0.06655466738924265,0.06433928571428571,0.13,0.06322133405590932,0.12,28
recompute_all,17,0.0,0.0,0.0,0.0,0.0,0.0,0.0,560
never_recompute,17,0.22837215324417268,0.3784880097547758,0.4018213430881093,0.077125,0.15,0.4018213430881093,0.15,0
random,18,0.09454059893161977,0.05389920065031839,0.21331120444384227,0.10180357142857141,0.18,0.20997787111050895,0.17,28
probability_only,18,0.06741179814968935,0.057232533983651725,0.13698053560944767,0.10301785714285713,0.18,0.13031386894278102,0.16,28
impact_only,18,0.0972608370268579,0.057232533983651725,0.21997787111050893,0.10996428571428571,0.2,0.2166445377771756,0.19,28
joint_known,18,0.05550487496854859,0.04389920065031839,0.11308133495912931,0.09803571428571428,0.17,0.1064146682924626,0.15,28
joint_learned,18,0.05550487496854859,0.04389920065031839,0.11308133495912931,0.09803571428571428,0.17,0.1064146682924626,0.15,28
recompute_all,18,0.0,0.0,0.0,0.0,0.0,0.0,0.0,560
never_recompute,18,0.0972608370268579,0.057232533983651725,0.21997787111050893,0.10996428571428571,0.2,0.2166445377771756,0.19,0
random,19,0.15324322262437018,0.2589920065031839,0.29565867316985056,0.07089285714285715,0.18,0.29565867316985056,0.18,28
probability_only,19,0.15252893691008448,0.2556586731698505,0.2923253398365172,0.06875,0.17,0.2923253398365172,0.17,28
impact_only,19,0.023916666666666676,0.020000000000000004,0.06333333333333335,0.07175,0.19,0.06333333333333335,0.19,28
joint_known,19,0.023547619047619057,0.020000000000000004,0.06000000000000001,0.07064285714285715,0.18,0.06000000000000001,0.18,28
joint_learned,19,0.022386904761904768,0.020000000000000004,0.053333333333333344,0.06716071428571428,0.16,0.053333333333333344,0.16,28
recompute_all,19,0.0,0.0,0.0,0.0,0.0,0.0,0.0,560
never_recompute,19,0.15536227024341784,0.2589920065031839,0.30232533983651727,0.07724999999999999,0.2,0.30232533983651727,0.2,0
random,20,0.08695129708840588,0.10633066883439463,0.13621866955697057,0.06635714285714285,0.13,0.10966400216772795,0.1,28
probability_only,20,0.037239619421810186,0.04988800072257599,0.0732213340559093,0.07564285714285712,0.15,0.06988800072257598,0.14,28
impact_only,20,0.03929319085038162,0.05322133405590932,0.0732213340559093,0.08180357142857142,0.15,0.06988800072257598,0.14,28
joint_known,20,0.02900325723705009,0.038333333333333344,0.06322133405590932,0.07792857142857143,0.14,0.04333333333333334,0.13,28
joint_learned,20,0.02900325723705009,0.038333333333333344,0.06322133405590932,0.07792857142857143,0.14,0.04333333333333334,0.13,28
recompute_all,20,0.0,0.0,0.0,0.0,0.0,0.0,0.0,560
never_recompute,20,0.10345116402474822,0.13288533622363724,0.15288533622363726,0.08985714285714284,0.16,0.14955200289030388,0.15,0
random,21,0.28207284146553896,0.29886600731608187,0.3785860091225218,0.10076785714285713,0.18,0.3785860091225218,0.17,28
probability_only,21,0.2610553028690138,0.2955326739827485,0.3454206747053245,0.08835714285714286,0.18,0.3454206747053245,0.18,28
impact_only,21,0.044285486061380254,0.036666666666666674,0.09316533441719732,0.09785714285714285,0.17,0.07988800072257599,0.17,28
joint_known,21,0.0322535798156141,0.04000000000000001,0.06654066747956466,0.09149999999999998,0.15,0.05000000000000001,0.15,28
joint_learned,21,0.033503579815614096,0.04000000000000001,0.06654066747956466,0.09525,0.16,0.053333333333333344,0.16,28
recompute_all,21,0.0,0.0,0.0,0.0,0.0,0.0,0.0,560
never_recompute,21,0.2878287938464914,0.3055326739827486,0.39191934245585525,0.11803571428571427,0.21,0.39191934245585525,0.21,0
random,22,0.03834214295391643,0.036666666666666674,0.10983200108386396,0.10525,0.22,0.10649866775053063,0.21,28
probability_only,22,0.061488343623589514,0.06333333333333335,0.10649866775053063,0.10703571428571428,0.21,0.06333333333333335,0.19,28
impact_only,22,0.04226476200153547,0.04000000000000001,0.11316533441719728,0.11701785714285715,0.23,0.10983200108386396,0.22,28
joint_known,22,0.06463715314739904,0.07,0.11316533441719728,0.11648214285714287,0.23,0.07,0.21,28
joint_learned,22,0.06463715314739904,0.07,0.11316533441719728,0.11648214285714287,0.23,0.07,0.21,28
recompute_all,22,0.0,0.0,0.0,0.0,0.0,0.0,0.0,560
never_recompute,22,0.06687524838549429,0.0731653344171973,0.11649866775053065,0.12319642857142857,0.24,0.07,0.21,0
random,23,0.08446748246785504,0.053333333333333344,0.1933952039019103,0.09312499999999999,0.18,0.05666666666666668,0.17,28
probability_only,23,0.06431182298823877,0.057232533983651725,0.18672853723524363,0.08064285714285716,0.15,0.06723253398365173,0.14,28
impact_only,23,0.04404461745408094,0.04000000000000001,0.09056586731698504,0.10260714285714284,0.21,0.08723253398365172,0.2,28
joint_known,23,0.059472270340191355,0.0638992006503184,0.18672853723524363,0.09474999999999999,0.2,0.08723253398365172,0.2,28
joint_learned,23,0.06081155605447707,0.06723253398365173,0.19006187056857698,0.09876785714285714,0.2,0.08389920065031839,0.19,28
recompute_all,23,0.0,0.0,0.0,0.0,0.0,0.0,0.0,560
never_recompute,23,0.09333671879536262,0.08389920065031839,0.20672853723524362,0.10673214285714284,0.21,0.08723253398365172,0.2,0
random,24,0.16657537048148077,0.10308133495912927,0.3287400081289799,0.08851785714285713,0.17,0.11308133495912931,0.17,28
probability_only,24,0.16239084667195697,0.09308133495912929,0.32540667479564656,0.0759642857142857,0.13,0.09974800162579595,0.13,28
impact_only,24,0.024357142857142862,0.023333333333333338,0.05000000000000001,0.07307142857142856,0.15,0.05000000000000001,0.15,28
joint_known,24,0.05429281504635453,0.026666666666666672,0.10974800162579597,0.08369642857142856,0.16,0.10974800162579597,0.16,28
joint_learned,24,0.05429281504635453,0.026666666666666672,0.10974800162579597,0.08369642857142856,0.16,0.10974800162579597,0.16,28
recompute_all,24,0.0,0.0,0.0,0.0,0.0,0.0,0.0,560
never_recompute,24,0.16657537048148077,0.10308133495912927,0.3287400081289799,0.08851785714285713,0.17,0.11308133495912931,0.17,0
random,25,0.28583796878729817,0.2756586731698506,0.5081520119225037,0.1129107142857143,0.24,0.5081520119225037,0.24,28
probability_only,25,0.28424273069206013,0.2756586731698506,0.5014853452558372,0.108125,0.22,0.5014853452558372,0.22,28
impact_only,25,0.052334657518338594,0.04333333333333334,0.14299733550106125,0.11733928571428573,0.24,0.08000000000000002,0.24,28
joint_known,25,0.06953021512764433,0.04333333333333334,0.19282933658492524,0.11835714285714286,0.24,0.08000000000000002,0.24,28
joint_learned,25,0.06953021512764433,0.04333333333333334,0.19282933658492524,0.11835714285714286,0.24,0.08000000000000002,0.24,28
recompute_all,25,0.0,0.0,0.0,0.0,0.0,0.0,0.0,560
never_recompute,25,0.2921832068825363,0.2823253398365173,0.5214853452558369,0.13194642857142858,0.28,0.5214853452558369,0.28,0
random,26,0.1841660997348404,0.18994987129115304,0.3361125412094116,0.076875,0.17,0.3361125412094116,0.17,28
probability_only,26,0.173612528306269,0.17494987129115297,0.32001174185973,0.04521428571428572,0.12,0.319445874542745,0.12,28
impact_only,26,0.04166808439945549,0.05056586731698506,0.09836426861762182,0.06648214285714285,0.17,0.07723253398365174,0.17,28
joint_known,26,0.04325831688182657,0.03322133405590932,0.09101973535654606,0.060678571428571436,0.15,0.05000000000000001,0.15,28
joint_learned,26,0.04597855497706466,0.03655466738924265,0.09435306868987943,0.06883928571428571,0.16,0.053333333333333344,0.16,28
recompute_all,26,0.0,0.0,0.0,0.0,0.0,0.0,0.0,560
never_recompute,26,0.18786252830626904,0.1932832046244863,0.34611254120941165,0.08796428571428572,0.2,0.34611254120941165,0.2,0
random,27,0.14484592196179377,0.18664453777717563,0.19997787111050894,0.08267857142857142,0.14,0.19997787111050894,0.14,28
probability_only,27,0.0766052630305611,0.10364720227611436,0.11364720227611436,0.06687499999999999,0.11,0.11364720227611436,0.11,28
impact_only,27,0.0892049446455184,0.10633066883439463,0.1263306688343946,0.07869642857142856,0.15,0.1263306688343946,0.15,28
joint_known,27,0.06711952261598311,0.08641466829246264,0.1064146682924626,0.07774999999999999,0.15,0.1064146682924626,0.15,28
joint_learned,27,0.055946162444113275,0.05389920065031839,0.11698053560944768,0.06594642857142857,0.12,0.06056586731698506,0.12,28
recompute_all,27,0.0,0.0,0.0,0.0,0.0,0.0,0.0,560
never_recompute,27,0.14807806481893665,0.18997787111050896,0.20997787111050895,0.09237500000000001,0.17,0.20997787111050895,0.17,0
random,28,0.15418715524415968,0.16812627015309578,0.24779027232082376,0.10435714285714286,0.18,0.1714596034864291,0.17,28
probability_only,28,0.14315778930458511,0.120327868852459,0.241123605654157,0.09437499999999999,0.16,0.120327868852459,0.15,28
impact_only,28,0.0806464103457397,0.07309533486880729,0.16275933703653522,0.0877142857142857,0.16,0.07654066747956464,0.15,28
joint_known,28,0.08058595105838026,0.06723253398365173,0.1435632028180463,0.08666071428571429,0.16,0.07056586731698505,0.15,28
joint_learned,28,0.08058595105838026,0.06723253398365173,0.1435632028180463,0.08666071428571429,0.16,0.07056586731698505,0.15,28
recompute_all,28,0.0,0.0,0.0,0.0,0.0,0.0,0.0,560
never_recompute,28,0.15566334572035018,0.1714596034864291,0.24779027232082376,0.10878571428571429,0.19,0.17479293681976243,0.18,0
random,29,0.037492200050322264,0.04000000000000001,0.08649866775053061,0.10739285714285714,0.15,0.04333333333333334,0.13,28
probability_only,29,0.030825533383655592,0.030000000000000006,0.08649866775053061,0.08739285714285713,0.15,0.04333333333333334,0.13,28
impact_only,29,0.04108743814556036,0.04333333333333334,0.09649866775053065,0.11817857142857141,0.18,0.05666666666666668,0.17,28
joint_known,29,0.04108743814556036,0.04333333333333334,0.09649866775053065,0.11817857142857141,0.18,0.05666666666666668,0.17,28
joint_learned,29,0.04108743814556036,0.04333333333333334,0.09649866775053065,0.11817857142857141,0.18,0.05666666666666668,0.17,28
recompute_all,29,0.0,0.0,0.0,0.0,0.0,0.0,0.0,560
never_recompute,29,0.04108743814556036,0.04333333333333334,0.09649866775053065,0.11817857142857141,0.18,0.05666666666666668,0.17,0
random,30,0.08283112770240193,0.07446506796730346,0.18410107031567538,0.09282142857142857,0.18,0.18410107031567538,0.18,28
probability_only,30,0.032084047844852616,0.023333333333333338,0.09641466829246262,0.0727857142857143,0.13,0.06655466738924265,0.13,28
impact_only,30,0.08751645150676447,0.07779840130063678,0.1642130695930994,0.107375,0.19,0.1642130695930994,0.19,28
joint_known,30,0.07786802988367818,0.07446506796730346,0.1542130695930994,0.09867857142857142,0.16,0.09779840130063679,0.16,28
joint_learned,30,0.0805466013122496,0.07779840130063678,0.16087973625976607,0.1067142857142857,0.18,0.10446506796730345,0.18,28
recompute_all,30,0.0,0.0,0.0,0.0,0.0,0.0,0.0,560
never_recompute,30,0.08770612770240191,0.07779840130063678,0.19076773698234203,0.10744642857142857,0.2,0.19076773698234203,0.2,0
random,31,0.20604902871594374,0.19469493745201644,0.42368694395520046,0.10364285714285715,0.2,0.23124960484125906,0.2,28
probability_only,31,0.26193051012574114,0.340123741137154,0.430353610621867,0.11273214285714285,0.2,0.3467904078038207,0.2,28
impact_only,31,0.06203646266798279,0.06056586731698506,0.11712053470622769,0.11208928571428571,0.22,0.09389920065031837,0.22,28
joint_known,31,0.045887360404126436,0.046666666666666676,0.11966400216772793,0.09730357142857142,0.2,0.06666666666666668,0.2,28
joint_learned,31,0.045887360404126436,0.046666666666666676,0.11966400216772793,0.09730357142857142,0.2,0.06666666666666668,0.2,28
recompute_all,31,0.0,0.0,0.0,0.0,0.0,0.0,0.0,560
never_recompute,31,0.3056281169153748,0.3473562751208058,0.48690827801110964,0.1322142857142857,0.26,0.48690827801110964,0.26,0
random,32,0.04081299475487256,0.023333333333333338,0.08779840130063676,0.07432142857142857,0.13,0.08446506796730344,0.12,28
probability_only,32,0.04039632808820589,0.026666666666666672,0.08446506796730344,0.07307142857142856,0.12,0.08113173463397011,0.11,28
impact_only,32,0.047712374436293954,0.026666666666666672,0.12527344984871064,0.08610714285714287,0.15,0.09113173463397009,0.14,28
joint_known,32,0.0432951376120154,0.026666666666666672,0.09113173463397009,0.08176785714285714,0.14,0.08779840130063676,0.13,28
joint_learned,32,0.0432951376120154,0.026666666666666672,0.09113173463397009,0.08176785714285714,0.14,0.08779840130063676,0.13,28
recompute_all,32,0.0,0.0,0.0,0.0,0.0,0.0,0.0,560
never_recompute,32,0.05252879497551629,0.026666666666666672,0.128606783182044,0.08751785714285713,0.16,0.12527344984871064,0.15,0
random,33,0.040864356520280525,0.030000000000000006,0.10446506796730345,0.08876785714285713,0.18,0.10113173463397013,0.17,28
probability_only,33,0.035822689853613844,0.023333333333333338,0.09113173463397009,0.07364285714285713,0.14,0.08779840130063676,0.13,28
impact_only,33,0.03219642857142858,0.03333333333333334,0.06000000000000001,0.09658928571428572,0.18,0.05666666666666668,0.17,28
joint_known,33,0.027613095238095242,0.030000000000000006,0.05000000000000001,0.0828392857142857,0.15,0.046666666666666676,0.14,28
joint_learned,33,0.027666666666666673,0.030000000000000006,0.05000000000000001,0.08299999999999999,0.15,0.046666666666666676,0.14,28
recompute_all,33,0.0,0.0,0.0,0.0,0.0,0.0,0.0,560
never_recompute,33,0.044316737472661474,0.03333333333333334,0.10779840130063678,0.09912499999999998,0.19,0.10446506796730345,0.18,0
random,34,0.06551263298301302,0.06113173463397011,0.10974800162579597,0.08494642857142858,0.16,0.1064146682924626,0.15,28
probability_only,34,0.04144126328217238,0.05000000000000001,0.07779840130063678,0.08073214285714285,0.16,0.053333333333333344,0.16,28
impact_only,34,0.04330435852026762,0.053333333333333344,0.08113173463397011,0.08632142857142856,0.17,0.05666666666666668,0.17,28
joint_known,34,0.04330435852026762,0.053333333333333344,0.08113173463397011,0.08632142857142856,0.17,0.05666666666666668,0.17,28
joint_learned,34,0.04330435852026762,0.053333333333333344,0.08113173463397011,0.08632142857142856,0.17,0.05666666666666668,0.17,28
recompute_all,34,0.0,0.0,0.0,0.0,0.0,0.0,0.0,560
never_recompute,34,0.09027055551254508,0.08113173463397011,0.1642130695930994,0.09514285714285713,0.19,0.1642130695930994,0.19,0
random,35,0.06992493112947658,0.04654066747956465,0.16284333649460325,0.07226785714285715,0.17,0.16284333649460325,0.17,28
probability_only,35,0.06799635970090515,0.04987400081289799,0.1461766698279366,0.06648214285714285,0.12,0.1461766698279366,0.12,28
impact_only,35,0.03585466464732486,0.020000000000000004,0.10308133495912927,0.07021428571428572,0.15,0.0732213340559093,0.15,28
joint_known,35,0.03370530270772447,0.020000000000000004,0.09974800162579595,0.06717857142857142,0.14,0.06988800072257598,0.14,28
joint_learned,35,0.03370530270772447,0.020000000000000004,0.09974800162579595,0.06717857142857142,0.14,0.06988800072257598,0.14,28
recompute_all,35,0.0,0.0,0.0,0.0,0.0,0.0,0.0,560
never_recompute,35,0.0728237406532861,0.04987400081289799,0.16284333649460325,0.08096428571428571,0.17,0.16284333649460325,0.17,0
random,36,0.04439214343778427,0.026666666666666672,0.25232533983651717,0.07005357142857142,0.14,0.046666666666666676,0.14,28
probability_only,36,0.041320714866355704,0.023333333333333338,0.24899200650318384,0.060839285714285714,0.12,0.036666666666666674,0.11,28
impact_only,36,0.027166666666666672,0.023333333333333338,0.05666666666666668,0.0815,0.17,0.05666666666666668,0.17,28
joint_known,36,0.046344524390165225,0.030000000000000006,0.25232533983651717,0.07591071428571428,0.15,0.05000000000000001,0.15,28
joint_learned,36,0.046344524390165225,0.030000000000000006,0.25232533983651717,0.07591071428571428,0.15,0.05000000000000001,0.15,28
recompute_all,36,0.0,0.0,0.0,0.0,0.0,0.0,0.0,560
never_recompute,36,0.04687428629492713,0.030000000000000006,0.25232533983651717,0.0775,0.16,0.053333333333333344,0.16,0
random,37,0.18836722343726817,0.26565867316985053,0.2823253398365173,0.08789285714285715,0.14,0.2823253398365173,0.14,28
probability_only,37,0.18695055677060152,0.26565867316985053,0.2823253398365173,0.08364285714285713,0.14,0.2823253398365173,0.14,28
impact_only,37,0.02751785714285715,0.026666666666666672,0.05000000000000001,0.08255357142857143,0.15,0.05000000000000001,0.15,28
joint_known,37,0.026815476190476202,0.026666666666666672,0.046666666666666676,0.08044642857142857,0.14,0.046666666666666676,0.14,28
joint_learned,37,0.02483928571428572,0.023333333333333338,0.04333333333333334,0.07451785714285715,0.13,0.04333333333333334,0.13,28
recompute_all,37,0.0,0.0,0.0,0.0,0.0,0.0,0.0,560
never_recompute,37,0.19145650915155388,0.2689920065031839,0.2923253398365172,0.09716071428571428,0.17,0.2923253398365172,0.17,0
random,38,0.2566414579583358,0.26565867316985053,0.3231337217179244,0.09358928571428571,0.17,0.3164670550512579,0.15,28
probability_only,38,0.2514628865297644,0.2556586731698505,0.31980038838459107,0.07805357142857143,0.16,0.3164670550512579,0.15,28
impact_only,38,0.034581408345752615,0.030000000000000006,0.07414171521474053,0.0855892857142857,0.15,0.05000000000000001,0.15,28
joint_known,38,0.03358736072670499,0.026666666666666672,0.0708083818814072,0.08260714285714287,0.15,0.05000000000000001,0.15,28
joint_learned,38,0.03358736072670499,0.026666666666666672,0.0708083818814072,0.08260714285714287,0.15,0.05000000000000001,0.15,28
recompute_all,38,0.0,0.0,0.0,0.0,0.0,0.0,0.0,560
never_recompute,38,0.25855812462500244,0.2689920065031839,0.3264670550512578,0.0993392857142857,0.18,0.3264670550512578,0.18,0
random,39,0.07792025132095921,0.09734904936097186,0.1206823826943052,0.1030892857142857,0.19,0.1206823826943052,0.19,28
probability_only,39,0.05969741404894161,0.06414171521474055,0.09401571602763853,0.08439285714285714,0.17,0.08414171521474056,0.16,28
impact_only,39,0.06280995687124598,0.0708083818814072,0.09734904936097186,0.09714285714285714,0.18,0.09080838188140722,0.18,28
joint_known,39,0.05969741404894161,0.06414171521474055,0.09401571602763853,0.08439285714285714,0.17,0.08414171521474056,0.16,28
joint_learned,39,0.062155747382274945,0.06747504854807387,0.09734904936097186,0.09176785714285714,0.18,0.09080838188140722,0.18,28
recompute_all,39,0.0,0.0,0.0,0.0,0.0,0.0,0.0,560
never_recompute,39,0.07818215608286398,0.09734904936097186,0.12401571602763853,0.103875,0.2,0.12401571602763853,0.2,0
random,40,0.11647233727524338,0.13282933658492524,0.1594960032515919,0.0735892857142857,0.13,0.0708083818814072,0.12,28
probability_only,40,0.027450972896949054,0.030000000000000006,0.0708083818814072,0.071625,0.12,0.0708083818814072,0.12,28
impact_only,40,0.027206925277901434,0.030000000000000006,0.07414171521474053,0.07089285714285713,0.13,0.07414171521474053,0.13,28
joint_known,40,0.025863095238095248,0.03333333333333334,0.046666666666666676,0.07758928571428572,0.14,0.046666666666666676,0.14,28
joint_learned,40,0.02502976190476191,0.03333333333333334,0.04333333333333334,0.0750892857142857,0.13,0.04333333333333334,0.13,28
recompute_all,40,0.0,0.0,0.0,0.0,0.0,0.0,0.0,560
never_recompute,40,0.14185347594531647,0.15282933658492526,0.20030438513299914,0.088125,0.16,0.20030438513299914,0.16,0
random,41,0.0320460859929936,0.026666666666666672,0.15616266991825858,0.06707142857142857,0.13,0.08779840130063676,0.13,28
probability_only,41,0.057185591544570674,0.023333333333333338,0.19729440455222869,0.05785714285714286,0.11,0.19729440455222869,0.11,28
impact_only,41,0.03298490493609719,0.030000000000000006,0.09779840130063679,0.08108928571428571,0.16,0.09779840130063679,0.16,28
joint_known,41,0.031378314494745194,0.026666666666666672,0.1594960032515919,0.07253571428571429,0.14,0.09113173463397009,0.14,28
joint_learned,41,0.031378314494745194,0.026666666666666672,0.1594960032515919,0.07253571428571429,0.14,0.09113173463397009,0.14,28
recompute_all,41,0.0,0.0,0.0,0.0,0.0,0.0,0.0,560
never_recompute,41,0.06584630583028496,0.030000000000000006,0.2172944045522287,0.08383928571428571,0.17,0.2172944045522287,0.17,0
random,42,0.06851121121799214,0.06446506796730345,0.15250598383236239,0.061410714285714284,0.17,0.15250598383236239,0.17,28
probability_only,42,0.06420763978942072,0.05779840130063678,0.14583931716569568,0.0485,0.15,0.14583931716569568,0.15,28
impact_only,42,0.024264666840859095,0.01666666666666667,0.07723253398365174,0.05626785714285714,0.17,0.07723253398365174,0.17,28
joint_known,42,0.02260990493609719,0.01666666666666667,0.0738992006503184,0.05130357142857142,0.16,0.0738992006503184,0.16,28
joint_learned,42,0.024264666840859095,0.01666666666666667,0.07723253398365174,0.05626785714285714,0.17,0.07723253398365174,0.17,28
recompute_all,42,0.0,0.0,0.0,0.0,0.0,0.0,0.0,560
never_recompute,42,0.07012430645608739,0.06446506796730345,0.15917265049902904,0.06625,0.19,0.15917265049902904,0.19,0
random,43,0.023642857142857146,0.023333333333333338,0.036666666666666674,0.07092857142857142,0.11,0.036666666666666674,0.11,28
probability_only,43,0.024553571428571435,0.026666666666666672,0.04000000000000001,0.07366071428571429,0.12,0.04000000000000001,0.12,28
impact_only,43,0.03174404761904762,0.030000000000000006,0.053333333333333344,0.09523214285714285,0.16,0.053333333333333344,0.16,28
joint_known,43,0.030410714285714294,0.03333333333333334,0.046666666666666676,0.09123214285714286,0.14,0.046666666666666676,0.14,28
joint_learned,43,0.030428571428571433,0.03333333333333334,0.046666666666666676,0.09128571428571426,0.14,0.046666666666666676,0.14,28
recompute_all,43,0.0,0.0,0.0,0.0,0.0,0.0,0.0,560
never_recompute,43,0.032125,0.03333333333333334,0.053333333333333344,0.096375,0.16,0.053333333333333344,0.16,0
random,44,0.06485429610131548,0.036666666666666674,0.12730704963193784,0.107875,0.18,0.12730704963193784,0.18,28
probability_only,44,0.06108643895845832,0.030000000000000006,0.12064038296527119,0.09657142857142857,0.16,0.12064038296527119,0.16,28
impact_only,44,0.054948162431210125,0.036666666666666674,0.1031653344171973,0.1116607142857143,0.2,0.1031653344171973,0.2,28
joint_known,44,0.05040834333326882,0.03333333333333334,0.09649866775053065,0.10312499999999998,0.18,0.05666666666666668,0.17,28
joint_learned,44,0.05037858142850691,0.03333333333333334,0.09649866775053065,0.10303571428571427,0.18,0.05666666666666668,0.17,28
recompute_all,44,0.0,0.0,0.0,0.0,0.0,0.0,0.0,560
never_recompute,44,0.06732453419655357,0.036666666666666674,0.13730704963193782,0.11528571428571428,0.21,0.13730704963193782,0.21,0
random,45,0.061868437945561655,0.056540667479564655,0.34276520796640025,0.0809107142857143,0.19,0.32553267398274854,0.19,28
probability_only,45,0.042841730053354496,0.026666666666666672,0.31289120715350227,0.07523214285714284,0.17,0.07723253398365174,0.17,28
impact_only,45,0.04609587841368766,0.05987400081289799,0.09043986812988303,0.08419642857142856,0.17,0.08320733414623133,0.17,28
joint_known,45,0.02838095238095239,0.03333333333333334,0.05666666666666668,0.08514285714285715,0.17,0.05666666666666668,0.17,28
joint_learned,45,0.02838095238095239,0.03333333333333334,0.05666666666666668,0.08514285714285715,0.17,0.05666666666666668,0.17,28
recompute_all,45,0.0,0.0,0.0,0.0,0.0,0.0,0.0,560
never_recompute,45,0.06752656273185334,0.06320733414623132,0.34943187463306696,0.09557142857142857,0.2,0.34943187463306696,0.2,0
random,46,0.028059523809523815,0.030000000000000006,0.05000000000000001,0.08417857142857144,0.15,0.046666666666666676,0.14,28
probability_only,46,0.0247202380952381,0.030000000000000006,0.04333333333333334,0.07416071428571427,0.13,0.04000000000000001,0.12,28
impact_only,46,0.031488095238095246,0.036666666666666674,0.06000000000000001,0.09446428571428571,0.18,0.05666666666666668,0.17,28
joint_known,46,0.027934523809523815,0.03333333333333334,0.053333333333333344,0.08380357142857142,0.16,0.05000000000000001,0.15,28
joint_learned,46,0.027934523809523815,0.03333333333333334,0.053333333333333344,0.08380357142857142,0.16,0.05000000000000001,0.15,28
recompute_all,46,0.0,0.0,0.0,0.0,0.0,0.0,0.0,560
never_recompute,46,0.031488095238095246,0.036666666666666674,0.06000000000000001,0.09446428571428571,0.18,0.05666666666666668,0.17,0
random,47,0.19126444506809634,0.023333333333333338,0.4980680124644357,0.0795892857142857,0.16,0.49473467913110253,0.15,28
probability_only,47,0.21294123989522648,0.04654066747956465,0.5179420132773336,0.06826785714285714,0.14,0.5179420132773336,0.14,28
impact_only,47,0.05823762830562384,0.056540667479564655,0.10637266856342861,0.08369642857142856,0.14,0.07320733414623132,0.14,28
joint_known,47,0.029590595383255584,0.026666666666666672,0.07649866775053063,0.07410714285714286,0.13,0.04333333333333334,0.13,28
joint_learned,47,0.05823762830562384,0.056540667479564655,0.10637266856342861,0.08369642857142856,0.14,0.07320733414623132,0.14,28
recompute_all,47,0.0,0.0,0.0,0.0,0.0,0.0,0.0,560
never_recompute,47,0.22165552560951224,0.056540667479564655,0.531275346610667,0.09441071428571428,0.18,0.531275346610667,0.18,0
random,48,0.05626900552254502,0.05056586731698506,0.12836426861762182,0.09414285714285713,0.19,0.12836426861762182,0.19,28
probability_only,48,0.02861341055864156,0.030000000000000006,0.053333333333333344,0.07801785714285714,0.16,0.05000000000000001,0.15,28
impact_only,48,0.05708448171302121,0.05056586731698506,0.13169760195095515,0.09658928571428571,0.2,0.13169760195095515,0.2,28
joint_known,48,0.04504559567357629,0.05056586731698506,0.08389920065031839,0.09382142857142857,0.19,0.08056586731698506,0.18,28
joint_learned,48,0.04498607186405249,0.05056586731698506,0.08056586731698506,0.09364285714285714,0.18,0.08056586731698506,0.18,28
recompute_all,48,0.0,0.0,0.0,0.0,0.0,0.0,0.0,560
never_recompute,48,0.05708448171302121,0.05056586731698506,0.13169760195095515,0.09658928571428571,0.2,0.13169760195095515,0.2,0
random,49,0.044539133618492786,0.04333333333333334,0.0732213340559093,0.106125,0.15,0.04333333333333334,0.13,28
probability_only,49,0.0848634871710505,0.06322133405590932,0.15288533622363726,0.10485714285714286,0.16,0.14955200289030388,0.15,28
impact_only,49,0.05131149557099631,0.05666666666666668,0.08322133405590931,0.12183928571428569,0.18,0.05666666666666668,0.17,28
joint_known,49,0.05525938139108779,0.06988800072257598,0.08655466738924264,0.12348214285714285,0.19,0.05666666666666668,0.17,28
joint_learned,49,0.04681068589880066,0.05666666666666668,0.07988800072257599,0.12264285714285712,0.18,0.06000000000000001,0.18,28
recompute_all,49,0.0,0.0,0.0,0.0,0.0,0.0,0.0,560
never_recompute,49,0.09356586812343146,0.06988800072257598,0.16621866955697057,0.1309642857142857,0.2,0.16621866955697057,0.2,0
random,50,0.03165476190476191,0.03333333333333334,0.046666666666666676,0.09496428571428572,0.14,0.04333333333333334,0.13,28
probability_only,50,0.026130952380952387,0.026666666666666672,0.04000000000000001,0.07839285714285714,0.12,0.04000000000000001,0.12,28
impact_only,50,0.03451190476190477,0.036666666666666674,0.05000000000000001,0.10353571428571429,0.15,0.046666666666666676,0.14,28
joint_known,50,0.032422619047619054,0.036666666666666674,0.04333333333333334,0.09726785714285714,0.13,0.04000000000000001,0.12,28
joint_learned,50,0.03020238095238096,0.03333333333333334,0.04333333333333334,0.09060714285714284,0.13,0.04000000000000001,0.12,28
recompute_all,50,0.0,0.0,0.0,0.0,0.0,0.0,0.0,560
never_recompute,50,0.03725000000000001,0.04000000000000001,0.05666666666666668,0.11175,0.17,0.053333333333333344,0.16,0
random,51,0.2322998916136026,0.33198934200424524,0.3619893420042453,0.06167857142857143,0.15,0.3619893420042453,0.15,28
probability_only,51,0.19697545257772536,0.11633066883439461,0.3486560086709119,0.05796428571428572,0.15,0.1263306688343946,0.15,28
impact_only,51,0.01835119047619048,0.013333333333333336,0.053333333333333344,0.055053571428571424,0.16,0.053333333333333344,0.16,28
joint_known,51,0.017113095238095243,0.013333333333333336,0.046666666666666676,0.05133928571428571,0.14,0.046666666666666676,0.14,28
joint_learned,51,0.0182202380952381,0.013333333333333336,0.05000000000000001,0.054660714285714285,0.15,0.05000000000000001,0.15,28
recompute_all,51,0.0,0.0,0.0,0.0,0.0,0.0,0.0,560
never_recompute,51,0.235151082089793,0.33198934200424524,0.3719893420042452,0.07023214285714285,0.18,0.3719893420042452,0.18,0
random,52,0.050615625060483484,0.05000000000000001,0.0708083818814072,0.09507142857142856,0.18,0.06000000000000001,0.18,28
probability_only,52,0.05132991077476919,0.047475048548073884,0.0708083818814072,0.09721428571428571,0.17,0.053333333333333344,0.16,28
impact_only,52,0.04433702201921278,0.036666666666666674,0.09080838188140722,0.1080892857142857,0.2,0.06333333333333335,0.19,28
joint_known,52,0.04208123012109599,0.036666666666666674,0.09080838188140722,0.10742857142857141,0.2,0.06333333333333335,0.19,28
joint_learned,52,0.0393907539306198,0.03333333333333334,0.08747504854807389,0.09935714285714285,0.19,0.06000000000000001,0.18,28
recompute_all,52,0.0,0.0,0.0,0.0,0.0,0.0,0.0,560
never_recompute,52,0.05610372029857872,0.05666666666666668,0.07747504854807385,0.1115357142857143,0.2,0.06333333333333335,0.19,0
random,53,0.13189521761149928,0.10096373571783407,0.3098003883845912,0.07883928571428572,0.15,0.3098003883845912,0.15,28
probability_only,53,0.14470545673898877,0.16339520390191029,0.21989387165244093,0.08216071428571428,0.14,0.2165605383191076,0.13,28
impact_only,53,0.12477237324275328,0.12429706905116739,0.250459738969426,0.08716071428571429,0.16,0.250459738969426,0.16,28
joint_known,53,0.09711068396332927,0.110229869484713,0.16282933658492524,0.07505357142857143,0.14,0.1594960032515919,0.13,28
joint_learned,53,0.0971285411061864,0.110229869484713,0.16282933658492524,0.07510714285714286,0.14,0.16282933658492524,0.14,28
recompute_all,53,0.0,0.0,0.0,0.0,0.0,0.0,0.0,560
never_recompute,53,0.1754597720337288,0.18339520390191025,0.26403558686718154,0.09951785714285714,0.18,0.26403558686718154,0.18,0
random,54,0.08726010154773194,0.08299733550106128,0.140285869123425,0.10582142857142855,0.18,0.13695253579009167,0.17,28
probability_only,54,0.07792544402939335,0.07747504854807385,0.16686853633202364,0.11410714285714284,0.2,0.16686853633202364,0.2,28
impact_only,54,0.07336363636363637,0.06649866775053065,0.1479289165876349,0.12153571428571429,0.22,0.14459558325430158,0.21,28
joint_known,54,0.05903242237146857,0.05666666666666668,0.10633066883439463,0.11467857142857142,0.19,0.06333333333333335,0.19,28
joint_learned,54,0.05443912700563223,0.046666666666666676,0.10299733550106129,0.11439285714285714,0.2,0.06666666666666668,0.2,28
recompute_all,54,0.0,0.0,0.0,0.0,0.0,0.0,0.0,560
never_recompute,54,0.11351063541525536,0.08966400216772794,0.21336720408255425,0.1289642857142857,0.23,0.21003387074922092,0.22,0
random,55,0.11829142392629725,0.11633066883439461,0.26903400623221796,0.09003571428571429,0.15,0.26903400623221796,0.15,28
probability_only,55,0.11671999535486867,0.11299733550106128,0.26903400623221796,0.08532142857142858,0.15,0.26903400623221796,0.15,28
impact_only,55,0.031224492906497384,0.036666666666666674,0.079874000812898,0.08883928571428572,0.16,0.079874000812898,0.16,28
joint_known,55,0.0541046364217005,0.04000000000000001,0.12299733550106126,0.0879642857142857,0.15,0.07654066747956464,0.15,28
joint_learned,55,0.0541046364217005,0.04000000000000001,0.12299733550106126,0.0879642857142857,0.15,0.07654066747956464,0.15,28
recompute_all,55,0.0,0.0,0.0,0.0,0.0,0.0,0.0,560
never_recompute,55,0.12120213821201153,0.11799733550106127,0.2790340062322179,0.09876785714285712,0.18,0.2790340062322179,0.18,0
random,56,0.060795965026032094,0.036666666666666674,0.1363306688343946,0.10425,0.18,0.13299733550106127,0.17,28
probability_only,56,0.06215906026412735,0.04333333333333334,0.13299733550106127,0.10833928571428572,0.17,0.12966400216772794,0.16,28
impact_only,56,0.06297388162011858,0.07320733414623132,0.09654066747956463,0.12351785714285712,0.21,0.09320733414623131,0.2,28
joint_known,56,0.037095238095238105,0.04333333333333334,0.06333333333333335,0.11128571428571428,0.19,0.06000000000000001,0.18,28
joint_learned,56,0.03843452380952382,0.04333333333333334,0.06666666666666668,0.11530357142857142,0.2,0.06333333333333335,0.19,28
recompute_all,56,0.0,0.0,0.0,0.0,0.0,0.0,0.0,560
never_recompute,56,0.06564120312127018,0.04333333333333334,0.14633066883439458,0.11878571428571427,0.21,0.14299733550106125,0.2,0
random,57,0.1848126092734886,0.2589920065031839,0.3454066747956465,0.06716071428571428,0.16,0.3454066747956465,0.16,28
probability_only,57,0.186818561654441,0.2623253398365172,0.34207334146231333,0.07317857142857143,0.15,0.34207334146231333,0.15,28
impact_only,57,0.04874488874265327,0.026666666666666672,0.2623253398365172,0.07825,0.16,0.053333333333333344,0.16,28
joint_known,57,0.04405040290062645,0.026666666666666672,0.09974800162579595,0.07805357142857143,0.16,0.053333333333333344,0.16,28
joint_learned,57,0.04405040290062645,0.026666666666666672,0.09974800162579595,0.07805357142857143,0.16,0.053333333333333344,0.16,28
recompute_all,57,0.0,0.0,0.0,0.0,0.0,0.0,0.0,560
never_recompute,57,0.19075308546396483,0.26565867316985053,0.3520733414623132,0.08498214285714287,0.18,0.3520733414623132,0.18,0
random,58,0.021277839336520412,0.023333333333333338,0.05987400081289799,0.058857142857142844,0.1,0.05987400081289799,0.1,28
probability_only,58,0.022218315526996605,0.023333333333333338,0.06654066747956466,0.061678571428571416,0.12,0.06654066747956466,0.12,28
impact_only,58,0.022613095238095238,0.026666666666666672,0.04333333333333334,0.0678392857142857,0.13,0.04333333333333334,0.13,28
joint_known,58,0.02448022028890136,0.026666666666666672,0.07320733414623132,0.06846428571428571,0.14,0.07320733414623132,0.14,28
joint_learned,58,0.02448022028890136,0.026666666666666672,0.07320733414623132,0.06846428571428571,0.14,0.07320733414623132,0.14,28
recompute_all,58,0.0,0.0,0.0,0.0,0.0,0.0,0.0,560
never_recompute,58,0.02448022028890136,0.026666666666666672,0.07320733414623132,0.06846428571428571,0.14,0.07320733414623132,0.14,0
random,59,0.0860179990774253,0.05987400081289799,0.25383507203179334,0.10907142857142856,0.21,0.2173364042812627,0.21,28
probability_only,59,0.07984026474022748,0.056540667479564655,0.25050173869846,0.09594642857142857,0.2,0.20603667073115656,0.2,28
impact_only,59,0.06518271172444048,0.06654066747956466,0.1443390687802014,0.11862500000000001,0.22,0.09654066747956463,0.21,28
joint_known,59,0.07478506912858626,0.06654066747956466,0.22066973761459602,0.11851785714285715,0.22,0.17620466964729256,0.22,28
joint_learned,59,0.07478506912858626,0.06654066747956466,0.22066973761459602,0.11851785714285715,0.22,0.17620466964729256,0.22,28
recompute_all,59,0.0,0.0,0.0,0.0,0.0,0.0,0.0,560
never_recompute,59,0.09346343249398391,0.06654066747956466,0.26383507203179335,0.123,0.24,0.26383507203179335,0.24,0
random,60,0.1085531165927962,0.023333333333333338,0.3719893420042452,0.07726785714285714,0.18,0.3719893420042452,0.18,28
probability_only,60,0.10477335468803431,0.020000000000000004,0.3619893420042453,0.06592857142857143,0.15,0.3619893420042453,0.15,28
impact_only,60,0.03976738133947522,0.026666666666666672,0.11966400216772793,0.07841071428571428,0.17,0.05666666666666668,0.17,28
joint_known,60,0.05441986745246804,0.026666666666666672,0.1363306688343946,0.08025,0.18,0.1363306688343946,0.18,28
joint_learned,60,0.05441986745246804,0.026666666666666672,0.1363306688343946,0.08025,0.18,0.1363306688343946,0.18,28
recompute_all,60,0.0,0.0,0.0,0.0,0.0,0.0,0.0,560
never_recompute,60,0.1103269261166057,0.026666666666666672,0.37532267533757857,0.08258928571428571,0.19,0.37532267533757857,0.19,0
random,61,0.03979064409261876,0.04320733414623132,0.07333333333333333,0.1149642857142857,0.22,0.07333333333333333,0.22,28
probability_only,61,0.060819222134050756,0.06987400081289799,0.08987400081289798,0.11335714285714286,0.19,0.08987400081289798,0.19,28
impact_only,61,0.04057635837833305,0.04333333333333334,0.07333333333333333,0.11732142857142855,0.22,0.07333333333333333,0.22,28
joint_known,61,0.042443606008993495,0.04333333333333334,0.07666666666666666,0.12178571428571429,0.23,0.07666666666666666,0.23,28
joint_learned,61,0.042443606008993495,0.04333333333333334,0.07666666666666666,0.12178571428571429,0.23,0.07666666666666666,0.23,28
recompute_all,61,0.0,0.0,0.0,0.0,0.0,0.0,0.0,560
never_recompute,61,0.06770612689595552,0.07320733414623132,0.11320733414623133,0.13401785714285713,0.26,0.11320733414623133,0.26,0
random,62,0.05615284820743091,0.056554667389242655,0.0932213340559093,0.11173214285714285,0.21,0.0932213340559093,0.21,28
probability_only,62,0.050795705350288066,0.05322133405590932,0.08988800072257597,0.09566071428571428,0.2,0.08988800072257597,0.2,28
impact_only,62,0.050617133921716635,0.04988800072257599,0.0932213340559093,0.09512499999999999,0.21,0.0932213340559093,0.21,28
joint_known,62,0.03494642857142858,0.030000000000000006,0.07333333333333333,0.1048392857142857,0.22,0.07333333333333333,0.22,28
joint_learned,62,0.03494642857142858,0.030000000000000006,0.07333333333333333,0.1048392857142857,0.22,0.07333333333333333,0.22,28
recompute_all,62,0.0,0.0,0.0,0.0,0.0,0.0,0.0,560
never_recompute,62,0.05656951487409758,0.056554667389242655,0.09988800072257595,0.11298214285714285,0.23,0.09988800072257595,0.23,0
random,63,0.03372707030922382,0.026666666666666672,0.09320733414623131,0.09421428571428571,0.2,0.09320733414623131,0.2,28
probability_only,63,0.02869135602350953,0.023333333333333338,0.08654066747956465,0.07910714285714285,0.18,0.08654066747956465,0.18,28
impact_only,63,0.03867349888065239,0.03333333333333334,0.10320733414623129,0.10905357142857142,0.23,0.10320733414623129,0.23,28
joint_known,63,0.03867349888065239,0.03333333333333334,0.10320733414623129,0.10905357142857142,0.23,0.10320733414623129,0.23,28
joint_learned,63,0.03867349888065239,0.03333333333333334,0.10320733414623129,0.10905357142857142,0.23,0.10320733414623129,0.23,28
recompute_all,63,0.0,0.0,0.0,0.0,0.0,0.0,0.0,560
never_recompute,63,0.03867349888065239,0.03333333333333334,0.10320733414623129,0.10905357142857142,0.23,0.10320733414623129,0.23,0
random,64,0.048406386894278106,0.04333333333333334,0.10056586731698507,0.12362499999999998,0.24,0.10056586731698507,0.24,28
probability_only,64,0.03155519641808763,0.023333333333333338,0.07056586731698505,0.07307142857142858,0.15,0.07056586731698505,0.15,28
impact_only,64,0.048489720227611444,0.04333333333333334,0.10056586731698507,0.12387500000000001,0.24,0.10056586731698507,0.24,28
joint_known,64,0.036916666666666674,0.04000000000000001,0.07,0.11074999999999999,0.21,0.07,0.21,28
joint_learned,64,0.03433928571428572,0.036666666666666674,0.06666666666666668,0.10301785714285713,0.2,0.06666666666666668,0.2,28
recompute_all,64,0.0,0.0,0.0,0.0,0.0,0.0,0.0,560
never_recompute,64,0.04896591070380192,0.04333333333333334,0.10389920065031841,0.1253035714285714,0.25,0.10389920065031841,0.25,0
random,65,0.2886133355591255,0.27899200650318395,0.43837601047735186,0.11010714285714285,0.19,0.43837601047735186,0.19,28
probability_only,65,0.2646905302223857,0.2756586731698506,0.3155466738924265,0.09994642857142857,0.17,0.3155466738924265,0.17,28
impact_only,65,0.034464285714285725,0.04333333333333334,0.06333333333333335,0.10339285714285713,0.19,0.06333333333333335,0.19,28
joint_known,65,0.04175346691311669,0.04000000000000001,0.08322133405590931,0.1015,0.18,0.08322133405590931,0.18,28
joint_learned,65,0.039937990722640496,0.036666666666666674,0.07988800072257599,0.09605357142857142,0.17,0.07988800072257599,0.17,28
recompute_all,65,0.0,0.0,0.0,0.0,0.0,0.0,0.0,560
never_recompute,65,0.2919288117496016,0.2823253398365173,0.4450426771440186,0.12005357142857141,0.21,0.4450426771440186,0.21,0
random,66,0.04879805049644841,0.06654066747956466,0.08654066747956465,0.09776785714285714,0.18,0.08320733414623133,0.17,28
probability_only,66,0.04341709811549603,0.05987400081289799,0.079874000812898,0.081625,0.16,0.07654066747956464,0.15,28
impact_only,66,0.03571402039341682,0.04333333333333334,0.06654066747956466,0.09192857142857143,0.17,0.053333333333333344,0.16,28
joint_known,66,0.03774973467913111,0.046666666666666676,0.06987400081289799,0.09803571428571428,0.18,0.05666666666666668,0.17,28
joint_learned,66,0.03369616325055968,0.04333333333333334,0.06654066747956466,0.085875,0.17,0.053333333333333344,0.16,28
recompute_all,66,0.0,0.0,0.0,0.0,0.0,0.0,0.0,560
never_recompute,66,0.05205995525835318,0.06987400081289799,0.09320733414623131,0.10755357142857143,0.2,0.08987400081289798,0.19,0
random,67,0.0556276628860459,0.07446506796730346,0.1142970690511674,0.06671428571428571,0.1,0.07779840130063678,0.1,28
probability_only,67,0.05905340610705737,0.09763040238450074,0.1042970690511674,0.04023214285714286,0.07,0.1042970690511674,0.07,28
impact_only,67,0.045097981625925,0.07113173463397011,0.08113173463397011,0.06621428571428571,0.11,0.08113173463397011,0.11,28
joint_known,67,0.01841071428571429,0.020000000000000004,0.03333333333333334,0.055232142857142855,0.1,0.03333333333333334,0.1,28
joint_learned,67,0.01841071428571429,0.020000000000000004,0.03333333333333334,0.055232142857142855,0.1,0.03333333333333334,0.1,28
recompute_all,67,0.0,0.0,0.0,0.0,0.0,0.0,0.0,560
never_recompute,67,0.07061292991658118,0.11096373571783408,0.12429706905116739,0.07491071428571427,0.13,0.12429706905116739,0.13,0
random,68,0.054855243675847265,0.030000000000000006,0.14949600325159193,0.07682142857142857,0.1,0.1461626699182586,0.09,28
probability_only,68,0.052265957961561534,0.026666666666666672,0.15282933658492526,0.06905357142857144,0.11,0.1461626699182586,0.09,28
impact_only,68,0.034983104947710016,0.03333333333333334,0.15616266991825858,0.08503571428571427,0.12,0.03333333333333334,0.1,28
joint_known,68,0.055867148437752014,0.030000000000000006,0.15282933658492526,0.07985714285714285,0.11,0.14949600325159193,0.1,28
joint_learned,68,0.05824214843775203,0.03333333333333334,0.15616266991825858,0.08698214285714284,0.12,0.15282933658492526,0.11,28
recompute_all,68,0.0,0.0,0.0,0.0,0.0,0.0,0.0,560
never_recompute,68,0.05824214843775203,0.03333333333333334,0.15616266991825858,0.08698214285714284,0.12,0.15282933658492526,0.11,0
random,69,0.09476555635124935,0.10763040238450075,0.1773784040102967,0.07371428571428572,0.12,0.1773784040102967,0.12,28
probability_only,69,0.09131912777982078,0.1042970690511674,0.17404507067696337,0.063375,0.11,0.17404507067696337,0.11,28
impact_only,69,0.08267804159328004,0.08446506796730344,0.14754640292643273,0.08516071428571428,0.14,0.14754640292643273,0.14,28
joint_known,69,0.06972510983800104,0.06316533441719731,0.1362466693763266,0.0805357142857143,0.13,0.1362466693763266,0.13,28
joint_learned,69,0.03295163740879092,0.023333333333333338,0.09641466829246262,0.07130357142857142,0.12,0.09641466829246262,0.12,28
recompute_all,69,0.0,0.0,0.0,0.0,0.0,0.0,0.0,560
never_recompute,69,0.10003341349410648,0.11096373571783408,0.18737840401029668,0.08951785714285714,0.15,0.18737840401029668,0.15,0
random,70,0.04304962387339437,0.05000000000000001,0.09056586731698504,0.1230892857142857,0.21,0.08723253398365172,0.2,28
probability_only,70,0.03461510006387056,0.036666666666666674,0.07723253398365174,0.09778571428571428,0.17,0.0738992006503184,0.16,28
impact_only,70,0.04743057625434675,0.05000000000000001,0.10056586731698507,0.13623214285714283,0.24,0.0972325339836517,0.23,28
joint_known,70,0.04743057625434675,0.05000000000000001,0.10056586731698507,0.13623214285714283,0.24,0.0972325339836517,0.23,28
joint_learned,70,0.04743057625434675,0.05000000000000001,0.10056586731698507,0.13623214285714283,0.24,0.0972325339836517,0.23,28
recompute_all,70,0.0,0.0,0.0,0.0,0.0,0.0,0.0,560
never_recompute,70,0.04743057625434675,0.05000000000000001,0.10056586731698507,0.13623214285714283,0.24,0.0972325339836517,0.23,0
random,71,0.06823898232914626,0.04322133405590932,0.1634512035406223,0.0649107142857143,0.13,0.1634512035406223,0.13,28
probability_only,71,0.046457886562022176,0.01666666666666667,0.130229869484713,0.05057142857142858,0.1,0.130229869484713,0.1,28
impact_only,71,0.03508140995864543,0.01666666666666667,0.11299733550106128,0.060178571428571435,0.13,0.0638992006503184,0.13,28
joint_known,71,0.01665476190476191,0.01666666666666667,0.03333333333333334,0.04996428571428572,0.1,0.03333333333333334,0.1,28
joint_learned,71,0.01665476190476191,0.01666666666666667,0.03333333333333334,0.04996428571428572,0.1,0.03333333333333334,0.1,28
recompute_all,71,0.0,0.0,0.0,0.0,0.0,0.0,0.0,560
never_recompute,71,0.0696973156624796,0.04322133405590932,0.17011787020728894,0.0692857142857143,0.15,0.17011787020728894,0.15,0
random,72,0.026142857142857148,0.026666666666666672,0.05000000000000001,0.07842857142857143,0.15,0.05000000000000001,0.15,28
probability_only,72,0.02516666666666667,0.026666666666666672,0.046666666666666676,0.07549999999999998,0.14,0.046666666666666676,0.14,28
impact_only,72,0.027363095238095242,0.026666666666666672,0.053333333333333344,0.0820892857142857,0.16,0.053333333333333344,0.16,28
joint_known,72,0.02649404761904763,0.026666666666666672,0.05000000000000001,0.07948214285714285,0.15,0.05000000000000001,0.15,28
joint_learned,72,0.026315476190476195,0.026666666666666672,0.046666666666666676,0.07894642857142857,0.14,0.046666666666666676,0.14,28
recompute_all,72,0.0,0.0,0.0,0.0,0.0,0.0,0.0,560
never_recompute,72,0.028910714285714293,0.030000000000000006,0.05666666666666668,0.08673214285714285,0.17,0.05666666666666668,0.17,0
random,73,0.28105931171411797,0.31049067425371457,0.5213173463397011,0.09967857142857144,0.17,0.24916000541931987,0.17,28
probability_only,73,0.2530032499790324,0.15616266991825856,0.5279840130063677,0.10101785714285715,0.22,0.5220512125728218,0.22,28
impact_only,73,0.04829185295578738,0.059832001083863974,0.08983200108386398,0.08680357142857142,0.17,0.05666666666666668,0.17,28
joint_known,73,0.06571985342030051,0.0731653344171973,0.09633066883439459,0.09001785714285715,0.18,0.06000000000000001,0.18,28
joint_learned,73,0.06571985342030051,0.0731653344171973,0.09633066883439459,0.09001785714285715,0.18,0.06000000000000001,0.18,28
recompute_all,73,0.0,0.0,0.0,0.0,0.0,0.0,0.0,560
never_recompute,73,0.2841272507919304,0.3121573409203813,0.5246506796730344,0.10601785714285714,0.21,0.28305920606963836,0.21,0
random,74,0.03248214285714287,0.036666666666666674,0.05666666666666668,0.09744642857142856,0.17,0.05666666666666668,0.17,28
probability_only,74,0.022123977425952093,0.023333333333333338,0.056540667479564655,0.06196428571428572,0.09,0.056540667479564655,0.09,28
impact_only,74,0.03413588218785686,0.036666666666666674,0.08654066747956465,0.09799999999999999,0.18,0.08654066747956465,0.18,28
joint_known,74,0.031409691711666375,0.03333333333333334,0.079874000812898,0.08982142857142857,0.16,0.079874000812898,0.16,28
joint_learned,74,0.031409691711666375,0.03333333333333334,0.079874000812898,0.08982142857142857,0.16,0.079874000812898,0.16,28
recompute_all,74,0.0,0.0,0.0,0.0,0.0,0.0,0.0,560
never_recompute,74,0.03413588218785686,0.036666666666666674,0.08654066747956465,0.09799999999999999,0.18,0.08654066747956465,0.18,0
random,75,0.06196055993187141,0.05000000000000001,0.37536467506661264,0.11980357142857141,0.23,0.37536467506661264,0.23,28
probability_only,75,0.07115535302998047,0.053333333333333344,0.3720313417332793,0.12230357142857141,0.22,0.3720313417332793,0.22,28
impact_only,75,0.09167996577441435,0.08779840130063676,0.3886980083999459,0.147,0.27,0.3886980083999459,0.27,28
joint_known,75,0.05394681808504461,0.05000000000000001,0.10654066747956467,0.13951785714285714,0.24,0.10654066747956467,0.24,28
joint_learned,75,0.05394681808504461,0.05000000000000001,0.10654066747956467,0.13951785714285714,0.24,0.10654066747956467,0.24,28
recompute_all,75,0.0,0.0,0.0,0.0,0.0,0.0,0.0,560
never_recompute,75,0.09848697024535326,0.054465067967303445,0.4484460100257419,0.14717857142857144,0.28,0.4484460100257419,0.28,0
random,76,0.02537000970961478,0.023333333333333338,0.12282933658492526,0.056196428571428564,0.1,0.030000000000000006,0.09,28
probability_only,76,0.12840831268830522,0.13282933658492524,0.1394960032515919,0.046071428571428576,0.07,0.1394960032515919,0.07,28
impact_only,76,0.02115476190476191,0.023333333333333338,0.036666666666666674,0.06346428571428571,0.11,0.036666666666666674,0.11,28
joint_known,76,0.025114057328662398,0.023333333333333338,0.12282933658492526,0.055428571428571424,0.1,0.03333333333333334,0.1,28
joint_learned,76,0.025114057328662398,0.023333333333333338,0.12282933658492526,0.055428571428571424,0.1,0.03333333333333334,0.1,28
recompute_all,76,0.0,0.0,0.0,0.0,0.0,0.0,0.0,560
never_recompute,76,0.13804521745020998,0.14282933658492528,0.1594960032515919,0.07498214285714284,0.13,0.1594960032515919,0.13,0
random,77,0.05592938513299914,0.04987400081289799,0.14299733550106125,0.10630357142857143,0.2,0.13966400216772792,0.19,28
probability_only,77,0.04897700418061819,0.04000000000000001,0.12299733550106126,0.08544642857142858,0.14,0.12299733550106126,0.14,28
impact_only,77,0.05141241346830021,0.04987400081289799,0.08654066747956465,0.11769642857142856,0.19,0.06333333333333335,0.19,28
joint_known,77,0.05128511590247805,0.04654066747956465,0.13966400216772792,0.11028571428571426,0.19,0.13966400216772792,0.19,28
joint_learned,77,0.05128511590247805,0.04654066747956465,0.13966400216772792,0.11028571428571426,0.19,0.13966400216772792,0.19,28
recompute_all,77,0.0,0.0,0.0,0.0,0.0,0.0,0.0,560
never_recompute,77,0.06151867084728486,0.04987400081289799,0.14633066883439458,0.12307142857142857,0.21,0.14633066883439458,0.21,0
random,78,0.07335242998432268,0.09299733550106126,0.10633066883439463,0.07080357142857142,0.11,0.036666666666666674,0.11,28
probability_only,78,0.047321219701808366,0.026666666666666672,0.11633066883439461,0.07285714285714286,0.12,0.11633066883439461,0.12,28
impact_only,78,0.04209231472700177,0.031666666666666676,0.09633066883439459,0.07966071428571428,0.14,0.046666666666666676,0.14,28
joint_known,78,0.025875000000000006,0.026666666666666672,0.046666666666666676,0.077625,0.14,0.046666666666666676,0.14,28
joint_learned,78,0.04991645779704647,0.026666666666666672,0.1263306688343946,0.08064285714285714,0.15,0.1263306688343946,0.15,28
recompute_all,78,0.0,0.0,0.0,0.0,0.0,0.0,0.0,560
never_recompute,78,0.07779885855575124,0.09299733550106126,0.10966400216772795,0.08414285714285714,0.14,0.046666666666666676,0.14,0
random,79,0.05027386920084387,0.04333333333333334,0.10308133495912927,0.08616071428571428,0.14,0.10308133495912927,0.14,28
probability_only,79,0.04723815491512959,0.046666666666666676,0.1064146682924626,0.07705357142857143,0.15,0.1064146682924626,0.15,28
impact_only,79,0.05243976248540332,0.03333333333333334,0.16087973625976607,0.09766071428571428,0.18,0.16087973625976607,0.18,28
joint_known,79,0.031101190476190484,0.03333333333333334,0.05666666666666668,0.09330357142857143,0.17,0.053333333333333344,0.16,28
joint_learned,79,0.031101190476190484,0.03333333333333334,0.05666666666666668,0.09330357142857143,0.17,0.053333333333333344,0.16,28
recompute_all,79,0.0,0.0,0.0,0.0,0.0,0.0,0.0,560
never_recompute,79,0.05423220253417721,0.053333333333333344,0.11308133495912931,0.0980357142857143,0.17,0.11308133495912931,0.17,0
random,80,0.25257583096238095,0.33667840852639663,0.437360791220702,0.11314285714285714,0.23,0.43402745788736863,0.22,28
probability_only,80,0.2507901166766667,0.33667840852639663,0.4273607912207019,0.10778571428571429,0.2,0.4273607912207019,0.2,28
impact_only,80,0.08006091734892033,0.07446506796730346,0.16514745066160863,0.11094642857142856,0.23,0.10747504854807385,0.23,28
joint_known,80,0.05575408545751318,0.07113173463397011,0.12767240211353476,0.09664285714285716,0.2,0.06333333333333335,0.19,28
joint_learned,80,0.05793860926703699,0.07113173463397011,0.13100573544686808,0.10319642857142856,0.22,0.07,0.21,28
recompute_all,80,0.0,0.0,0.0,0.0,0.0,0.0,0.0,560
never_recompute,80,0.2566055928671428,0.34001174185973,0.4506941245540352,0.12523214285714285,0.27,0.4506941245540352,0.27,0
random,81,0.04678858039625552,0.05320733414623132,0.07320733414623132,0.07823214285714286,0.14,0.06987400081289799,0.13,28
probability_only,81,0.04581238992006505,0.05320733414623132,0.07320733414623132,0.07530357142857143,0.14,0.06654066747956466,0.12,28
impact_only,81,0.048937389920065036,0.056540667479564655,0.07654066747956464,0.08467857142857144,0.15,0.07654066747956464,0.15,28
joint_known,81,0.03298680734317844,0.039874000812897985,0.056540667479564655,0.07933928571428572,0.14,0.046666666666666676,0.14,28
joint_learned,81,0.03298680734317844,0.039874000812897985,0.056540667479564655,0.07933928571428572,0.14,0.046666666666666676,0.14,28
recompute_all,81,0.0,0.0,0.0,0.0,0.0,0.0,0.0,560
never_recompute,81,0.048937389920065036,0.056540667479564655,0.07654066747956464,0.08467857142857144,0.15,0.07654066747956464,0.15,0
random,82,0.04742711498635492,0.020000000000000004,0.20599467100212257,0.06814285714285714,0.16,0.20599467100212257,0.16,28
probability_only,82,0.025898619202456757,0.020000000000000004,0.07983200108386396,0.06205357142857143,0.13,0.07983200108386396,0.13,28
impact_only,82,0.02421428571428572,0.023333333333333338,0.05000000000000001,0.07264285714285713,0.15,0.05000000000000001,0.15,28
joint_known,82,0.029690285869123426,0.023333333333333338,0.08649866775053061,0.07342857142857141,0.15,0.08649866775053061,0.15,28
joint_learned,82,0.029690285869123426,0.023333333333333338,0.08649866775053061,0.07342857142857141,0.15,0.08649866775053061,0.15,28
recompute_all,82,0.0,0.0,0.0,0.0,0.0,0.0,0.0,560
never_recompute,82,0.049962829272069215,0.023333333333333338,0.2093280043354559,0.07575,0.17,0.2093280043354559,0.17,0
random,83,0.09248868394397455,0.1294960032515919,0.1461626699182586,0.059928571428571435,0.14,0.06723253398365173,0.14,28
probability_only,83,0.09203035061064122,0.12616266991825859,0.1461626699182586,0.05855357142857143,0.14,0.06723253398365173,0.14,28
impact_only,83,0.037728082399468385,0.026666666666666672,0.13282933658492524,0.06117857142857142,0.15,0.07056586731698505,0.15,28
joint_known,83,0.022577696272927272,0.023333333333333338,0.07056586731698505,0.05991071428571428,0.15,0.07056586731698505,0.15,28
joint_learned,83,0.022577696272927272,0.023333333333333338,0.07056586731698505,0.05991071428571428,0.15,0.07056586731698505,0.15,28
recompute_all,83,0.0,0.0,0.0,0.0,0.0,0.0,0.0,560
never_recompute,83,0.09448868394397454,0.1294960032515919,0.14949600325159193,0.06592857142857143,0.15,0.07056586731698505,0.15,0
random,84,0.04880550931929471,0.020000000000000004,0.1482382694305198,0.071875,0.17,0.1482382694305198,0.17,28
probability_only,84,0.047728128366913765,0.020000000000000004,0.14490493609718647,0.06864285714285714,0.16,0.14490493609718647,0.16,28
impact_only,84,0.03609289940064903,0.023333333333333338,0.11169760195095513,0.07423214285714287,0.18,0.10710653479654972,0.18,28
joint_known,84,0.03426889745872607,0.023333333333333338,0.10377320146321639,0.07257142857142858,0.17,0.10377320146321639,0.17,28
joint_learned,84,0.03357246888729751,0.023333333333333338,0.10377320146321639,0.07048214285714285,0.17,0.10377320146321639,0.17,28
recompute_all,84,0.0,0.0,0.0,0.0,0.0,0.0,0.0,560
never_recompute,84,0.050603128366913754,0.023333333333333338,0.15490493609718645,0.07726785714285714,0.19,0.15490493609718645,0.19,0
random,85,0.15201957487371054,0.059832001083863974,0.33215734092038124,0.089625,0.18,0.33215734092038124,0.18,28
probability_only,85,0.14681124154037722,0.053165334417197306,0.3288240075870479,0.074,0.17,0.3288240075870479,0.17,28
impact_only,85,0.026589285714285718,0.020000000000000004,0.06000000000000001,0.07976785714285714,0.18,0.06000000000000001,0.18,28
joint_known,85,0.026589285714285718,0.020000000000000004,0.06000000000000001,0.07976785714285714,0.18,0.06000000000000001,0.18,28
joint_learned,85,0.026589285714285718,0.020000000000000004,0.06000000000000001,0.07976785714285714,0.18,0.06000000000000001,0.18,28
recompute_all,85,0.0,0.0,0.0,0.0,0.0,0.0,0.0,560
never_recompute,85,0.15319814630228198,0.059832001083863974,0.33882400758704795,0.09316071428571429,0.2,0.33882400758704795,0.2,0
random,86,0.03210845252611273,0.030000000000000006,0.08316533441719728,0.08166071428571428,0.14,0.08316533441719728,0.14,28
probability_only,86,0.02681678585944607,0.026666666666666672,0.07649866775053063,0.06578571428571428,0.12,0.07649866775053063,0.12,28
impact_only,86,0.03870369062135083,0.04000000000000001,0.09316533441719732,0.10144642857142858,0.17,0.09316533441719732,0.17,28
joint_known,86,0.03870369062135083,0.04000000000000001,0.09316533441719732,0.10144642857142858,0.17,0.09316533441719732,0.17,28
joint_learned,86,0.03870369062135083,0.04000000000000001,0.09316533441719732,0.10144642857142858,0.17,0.09316533441719732,0.17,28
recompute_all,86,0.0,0.0,0.0,0.0,0.0,0.0,0.0,560
never_recompute,86,0.03870369062135083,0.04000000000000001,0.09316533441719732,0.10144642857142858,0.17,0.09316533441719732,0.17,0
random,87,0.0815062531854633,0.1006403829652712,0.11064038296527118,0.09528571428571428,0.13,0.0731653344171973,0.11,28
probability_only,87,0.07914315794736808,0.1006403829652712,0.10730704963193785,0.08819642857142858,0.12,0.06983200108386398,0.1,28
impact_only,87,0.052016395055515766,0.0708083818814072,0.07747504854807385,0.10653571428571429,0.14,0.04333333333333334,0.13,28
joint_known,87,0.028130595931639156,0.030000000000000006,0.06747504854807387,0.08307142857142856,0.11,0.06747504854807387,0.11,28
joint_learned,87,0.03136869116973439,0.03333333333333334,0.0708083818814072,0.09278571428571429,0.12,0.0708083818814072,0.12,28
recompute_all,87,0.0,0.0,0.0,0.0,0.0,0.0,0.0,560
never_recompute,87,0.0882919674711776,0.11064038296527118,0.11730704963193783,0.11564285714285716,0.15,0.08316533441719728,0.14,0
random,88,0.015095238095238097,0.01666666666666667,0.030000000000000006,0.045285714285714276,0.09,0.030000000000000006,0.09,28
probability_only,88,0.02059834775259515,0.01666666666666667,0.13616266991825857,0.04748214285714285,0.09,0.030000000000000006,0.09,28
impact_only,88,0.02120238095238096,0.023333333333333338,0.04000000000000001,0.06360714285714285,0.12,0.036666666666666674,0.11,28
joint_known,88,0.01636904761904762,0.01666666666666667,0.03333333333333334,0.049107142857142856,0.1,0.03333333333333334,0.1,28
joint_learned,88,0.01897619047619048,0.020000000000000004,0.036666666666666674,0.05692857142857142,0.11,0.036666666666666674,0.11,28
recompute_all,88,0.0,0.0,0.0,0.0,0.0,0.0,0.0,560
never_recompute,88,0.08576391603925136,0.14282933658492528,0.1594960032515919,0.06935714285714285,0.13,0.1594960032515919,0.13,0
random,89,0.11473104770291803,0.13287133631395925,0.1495380029806259,0.088125,0.14,0.1495380029806259,0.14,28
probability_only,89,0.11564771436958467,0.13287133631395925,0.1495380029806259,0.09087499999999998,0.14,0.14620466964729256,0.13,28
impact_only,89,0.03442667627950788,0.03333333333333334,0.09966400216772792,0.09387499999999999,0.15,0.05000000000000001,0.15,28
joint_known,89,0.10072466387313629,0.13287133631395925,0.15287133631395922,0.09767857142857143,0.15,0.046666666666666676,0.14,28
joint_learned,89,0.10072466387313629,0.13287133631395925,0.15287133631395922,0.09767857142857143,0.15,0.046666666666666676,0.14,28
recompute_all,89,0.0,0.0,0.0,0.0,0.0,0.0,0.0,560
never_recompute,89,0.12185604770291804,0.1395380029806259,0.16287133631395925,0.1095,0.18,0.16287133631395925,0.18,0
random,90,0.1702048446461636,0.2855326739827486,0.34203134173327926,0.066375,0.13,0.3386980083999459,0.12,28
probability_only,90,0.16874055893187787,0.2855326739827486,0.3386980083999459,0.06198214285714286,0.12,0.3320313417332792,0.1,28
impact_only,90,0.024402921594054234,0.020000000000000004,0.07649866775053063,0.05683928571428571,0.12,0.03333333333333334,0.1,28
joint_known,90,0.049191229411423155,0.04987400081289799,0.10637266856342861,0.065,0.13,0.0731653344171973,0.11,28
joint_learned,90,0.049191229411423155,0.04987400081289799,0.10637266856342861,0.065,0.13,0.0731653344171973,0.11,28
recompute_all,90,0.0,0.0,0.0,0.0,0.0,0.0,0.0,560
never_recompute,90,0.17156793988425884,0.2888660073160818,0.3453646750666126,0.0704642857142857,0.14,0.34203134173327926,0.13,0
random,91,0.04015107241243605,0.030000000000000006,0.08414171521474056,0.09025,0.16,0.08414171521474056,0.16,28
probability_only,91,0.03866892955529319,0.030000000000000006,0.07747504854807385,0.08580357142857142,0.14,0.07747504854807385,0.14,28
impact_only,91,0.034178571428571426,0.036666666666666674,0.06000000000000001,0.10253571428571426,0.18,0.06000000000000001,0.18,28
joint_known,91,0.029934523809523814,0.030000000000000006,0.053333333333333344,0.08980357142857143,0.16,0.053333333333333344,0.16,28
joint_learned,91,0.027875,0.026666666666666672,0.05000000000000001,0.08362499999999999,0.15,0.05000000000000001,0.15,28
recompute_all,91,0.0,0.0,0.0,0.0,0.0,0.0,0.0,560
never_recompute,91,0.045335596221959866,0.036666666666666674,0.09414171521474055,0.1058035714285714,0.19,0.09414171521474055,0.19,0
random,92,0.12111316297959368,0.1869710517996658,0.21030438513299912,0.10685714285714286,0.19,0.21030438513299912,0.19,28
probability_only,92,0.09200546851310637,0.14949600325159193,0.15616266991825858,0.078125,0.12,0.15282933658492526,0.11,28
impact_only,92,0.0478850329997871,0.053333333333333344,0.08747504854807389,0.10916071428571428,0.17,0.053333333333333344,0.16,28
joint_known,92,0.05176840875220158,0.06747504854807387,0.08414171521474056,0.09671428571428571,0.16,0.08080838188140718,0.15,28
joint_learned,92,0.05176840875220158,0.06747504854807387,0.08414171521474056,0.09671428571428571,0.16,0.08080838188140718,0.15,28
recompute_all,92,0.0,0.0,0.0,0.0,0.0,0.0,0.0,560
never_recompute,92,0.12500006774149844,0.19363771846633246,0.21363771846633245,0.11851785714285712,0.2,0.21030438513299912,0.19,0
random,93,0.0217202380952381,0.023333333333333338,0.05666666666666668,0.0651607142857143,0.17,0.05666666666666668,0.17,28
probability_only,93,0.018059523809523814,0.020000000000000004,0.04333333333333334,0.05417857142857144,0.13,0.04333333333333334,0.13,28
impact_only,93,0.02389880952380953,0.023333333333333338,0.06333333333333335,0.07169642857142855,0.19,0.06333333333333335,0.19,28
joint_known,93,0.02389880952380953,0.023333333333333338,0.06333333333333335,0.07169642857142855,0.19,0.06333333333333335,0.19,28
joint_learned,93,0.021571428571428575,0.020000000000000004,0.06000000000000001,0.06471428571428572,0.18,0.06000000000000001,0.18,28
recompute_all,93,0.0,0.0,0.0,0.0,0.0,0.0,0.0,560
never_recompute,93,0.02389880952380953,0.023333333333333338,0.06333333333333335,0.07169642857142855,0.19,0.06333333333333335,0.19,0
random,94,0.04807515274095007,0.04333333333333334,0.12966400216772794,0.10619642857142858,0.16,0.12299733550106126,0.14,28
probability_only,94,0.045789438455235774,0.036666666666666674,0.12966400216772794,0.0993392857142857,0.16,0.12299733550106126,0.14,28
impact_only,94,0.03599404761904763,0.04000000000000001,0.053333333333333344,0.10798214285714286,0.16,0.05000000000000001,0.15,28
joint_known,94,0.03680357142857144,0.04000000000000001,0.05666666666666668,0.11041071428571428,0.17,0.053333333333333344,0.16,28
joint_learned,94,0.03616666666666667,0.04000000000000001,0.05666666666666668,0.10849999999999999,0.17,0.05000000000000001,0.15,28
recompute_all,94,0.0,0.0,0.0,0.0,0.0,0.0,0.0,560
never_recompute,94,0.051366819407616726,0.04333333333333334,0.1363306688343946,0.11607142857142858,0.18,0.13299733550106127,0.17,0
random,95,0.12764656679634326,0.06779840130063677,0.3167904078038207,0.06603571428571428,0.11,0.3134570744704873,0.1,28
probability_only,95,0.12840251917729564,0.07113173463397011,0.3167904078038207,0.06830357142857142,0.11,0.31012374113715396,0.09,28
impact_only,95,0.03119522696627764,0.026666666666666672,0.06446506796730345,0.06285714285714286,0.1,0.026666666666666672,0.08,28
joint_known,95,0.06688915555383514,0.07113173463397011,0.08113173463397011,0.07060714285714285,0.11,0.07446506796730346,0.09,28
joint_learned,95,0.06746058412526372,0.07113173463397011,0.08113173463397011,0.07232142857142858,0.11,0.07779840130063678,0.1,28
recompute_all,95,0.0,0.0,0.0,0.0,0.0,0.0,0.0,560
never_recompute,95,0.12995013822491466,0.07113173463397011,0.3167904078038207,0.07294642857142856,0.11,0.3134570744704873,0.1,0
random,96,0.27362654757066085,0.3231337217179244,0.4439294585196225,0.12969642857142857,0.17,0.3436995890349095,0.17,28
probability_only,96,0.26263845233256566,0.31313372171792453,0.43059612518628926,0.09673214285714286,0.14,0.3336995890349096,0.14,28
impact_only,96,0.0820770470835672,0.07779840130063678,0.17079573680169802,0.11914285714285715,0.17,0.07723253398365174,0.17,28
joint_known,96,0.09133141882955594,0.108606783182044,0.12527344984871064,0.11773214285714287,0.17,0.10804091586505896,0.17,28
joint_learned,96,0.09133141882955594,0.108606783182044,0.12527344984871064,0.11773214285714287,0.17,0.10804091586505896,0.17,28
recompute_all,96,0.0,0.0,0.0,0.0,0.0,0.0,0.0,560
never_recompute,96,0.28837836126863703,0.36759878968522786,0.4439294585196225,0.1365535714285714,0.2,0.398164657002213,0.2,0
random,97,0.06271259862839594,0.06983200108386398,0.14958000270965993,0.08569642857142858,0.17,0.1462466693763266,0.16,28
probability_only,97,0.027934483487203312,0.030000000000000006,0.1064146682924626,0.06778571428571428,0.15,0.10308133495912927,0.14,28
impact_only,97,0.04106960277675628,0.043165334417197304,0.11308133495912931,0.08274999999999999,0.17,0.10974800162579597,0.16,28
joint_known,97,0.03217853110625093,0.030000000000000006,0.11308133495912931,0.08051785714285714,0.17,0.10974800162579597,0.16,28
joint_learned,97,0.03217853110625093,0.030000000000000006,0.11308133495912931,0.08051785714285714,0.17,0.10974800162579597,0.16,28
recompute_all,97,0.0,0.0,0.0,0.0,0.0,0.0,0.0,560
never_recompute,97,0.06361736053315784,0.06983200108386398,0.15291333604299326,0.08841071428571427,0.18,0.14958000270965993,0.17,0
random,98,0.04929541261024122,0.056540667479564655,0.079874000812898,0.07878571428571429,0.16,0.07654066747956464,0.15,28
probability_only,98,0.02602139663615073,0.030000000000000006,0.04320733414623132,0.05773214285714286,0.11,0.036666666666666674,0.11,28
impact_only,98,0.02747549531938504,0.029874000812897983,0.053333333333333344,0.07446428571428572,0.16,0.053333333333333344,0.16,28
joint_known,98,0.030836872826626928,0.03333333333333334,0.05000000000000001,0.07217857142857143,0.15,0.05000000000000001,0.15,28
joint_learned,98,0.030836872826626928,0.03333333333333334,0.05000000000000001,0.07217857142857143,0.15,0.05000000000000001,0.15,28
recompute_all,98,0.0,0.0,0.0,0.0,0.0,0.0,0.0,560
never_recompute,98,0.050414460229288846,0.056540667479564655,0.08320733414623133,0.08214285714285714,0.17,0.08320733414623133,0.17,0
random,99,0.046068346333249466,0.05056586731698506,0.17339520390191032,0.07671428571428571,0.12,0.10503093528428847,0.12,28
probability_only,99,0.03365087644595841,0.030000000000000006,0.14949600325159193,0.07394642857142857,0.11,0.08113173463397011,0.11,28
impact_only,99,0.041590199418068276,0.057232533983651725,0.08779840130063676,0.08900000000000001,0.13,0.08779840130063676,0.13,28
joint_known,99,0.029743352462242186,0.03333333333333334,0.08446506796730344,0.08089285714285714,0.12,0.08446506796730344,0.12,28
joint_learned,99,0.0327076381765279,0.036666666666666674,0.08779840130063676,0.08978571428571429,0.13,0.08779840130063676,0.13,28
recompute_all,99,0.0,0.0,0.0,0.0,0.0,0.0,0.0,560
never_recompute,99,0.08295335191385862,0.06056586731698506,0.2345269385358804,0.09962499999999999,0.16,0.2345269385358804,0.16,0
