threshold,lead_change_events,recomputes,skips,recompute_rate,model_call_savings,final_global_stale,max_global_stale,final_pageview_weighted_stale,max_pageview_weighted_stale,final_churn2plus_stale,max_churn2plus_stale,fraction_events_global_at_epsilon,fraction_events_weighted_at_epsilon,fraction_events_churn2_at_epsilon,all_trace_constraints_at_epsilon,mean_dynamic_anchor_distance,max_dynamic_anchor_distance
0.0,105,105,0,1.0,0.0,0.0,0.0,0.0,0.0,0.0,0.0,1.0,1.0,1.0,True,0.043642642384483704,0.5763891935348511
0.0001,105,93,12,0.8857142857142857,0.11428571428571432,0.0,0.0,0.0,0.0,0.0,0.0,1.0,1.0,1.0,True,0.04363964625767299,0.5763891935348511
0.00025,105,90,15,0.8571428571428571,0.1428571428571429,0.0,0.0,0.0,0.0,0.0,0.0,1.0,1.0,1.0,True,0.04363865682056972,0.5763891935348511
0.0005,105,81,24,0.7714285714285715,0.22857142857142854,0.0,0.0,0.0,0.0,0.0,0.0,1.0,1.0,1.0,True,0.0436435341835022,0.5763891935348511
0.001,105,68,37,0.6476190476190476,0.35238095238095235,0.0069605568445475635,0.0069605568445475635,0.000723134112850464,0.000723134112850464,0.04,0.04,0.7333333333333333,1.0,0.7333333333333333,False,0.043629985196249825,0.5763891935348511
0.002,105,61,44,0.580952380952381,0.419047619047619,0.0069605568445475635,0.0069605568445475635,0.000723134112850464,0.000723134112850464,0.04,0.04,0.7333333333333333,1.0,0.7333333333333333,False,0.04366278023946853,0.5763891935348511
0.004,105,49,56,0.4666666666666667,0.5333333333333333,0.0069605568445475635,0.0069605568445475635,0.000723134112850464,0.000723134112850464,0.04,0.04,0.7333333333333333,1.0,0.7333333333333333,False,0.043923798629215784,0.5763891935348511
0.008,105,35,70,0.3333333333333333,0.6666666666666667,0.0069605568445475635,0.0069605568445475635,0.000723134112850464,0.000723134112850464,0.04,0.04,0.7333333333333333,1.0,0.7333333333333333,False,0.0437264845484779,0.5763891935348511
0.012,105,28,77,0.26666666666666666,0.7333333333333334,0.004640371229698376,0.0069605568445475635,0.0004716015829897402,0.0012262868145683785,0.0,0.04,0.8476190476190476,1.0,0.7428571428571429,False,0.04403527804783412,0.5763891935348511
0.02,105,21,84,0.2,0.8,0.0069605568445475635,0.009280742459396751,0.0012262868145683785,0.0014778193444291022,0.04,0.08,0.3904761904761905,1.0,0.2857142857142857,False,0.04375809828440348,0.5763891935348511
0.05,105,15,90,0.14285714285714285,0.8571428571428572,0.0069605568445475635,0.009280742459396751,0.0012262868145683785,0.0014778193444291022,0.04,0.08,0.3904761904761905,1.0,0.2857142857142857,False,0.043277959596543084,0.5763891935348511
0.1,105,10,95,0.09523809523809523,0.9047619047619048,0.0069605568445475635,0.009280742459396751,0.0012262868145683785,0.0014778193444291022,0.04,0.08,0.3904761904761905,1.0,0.2857142857142857,False,0.04182671705881755,0.5763891935348511
2.0,105,0,105,0.0,1.0,0.01160092807424594,0.01160092807424594,0.001772690841542832,0.001772690841542832,0.04,0.08,0.3904761904761905,1.0,0.26666666666666666,False,0.025615809644971576,0.5763891935348511
