anchor_distance,anchor_label,article_id,fresh_label,is_revert,label_flip,lead_changed,pageviews,revision_id,timestamp,title
0.0,1,4918223,1,True,False,False,91239,1366852569,2026-07-30T16:31:58Z,Company
0.0,1,7485,1,True,False,False,31966,1364488668,2026-07-16T21:31:31Z,Corporation
0.0,1,62803031,1,True,False,False,257,1334999713,2026-01-26T20:37:19Z,Dog café
0.0,1,8399656,1,False,False,False,886,1368954400,2026-08-12T01:52:05Z,For-profit corporation
0.0,1,4930562,1,False,False,False,3370,1362643488,2026-07-05T10:12:36Z,Mittelstand
0.0,1,54601961,1,True,False,False,800,1337049309,2026-02-07T05:10:33Z,Municipally owned corporation
0.0,1,426334,1,False,False,False,9186,1365637687,2026-07-23T15:39:01Z,Small and medium enterprises
0.0,0,21567677,0,False,False,False,1040,1363503092,2026-07-10T16:33:37Z,Zombie company
0.0,0,21857862,0,False,False,False,259,1261457806,2024-12-06T05:44:40Z,Criticisms of corporations
0.0,1,29463852,1,False,False,False,5851,1327489751,2025-12-14T16:44:21Z,360 v. Tencent
0.0,0,50966943,0,False,False,False,13,974392472,2020-08-22T19:08:02Z,Criticism of Abercrombie and Fitch
0.0,0,54553913,0,False,False,False,34,974392536,2020-08-22T19:08:26Z,Criticism of Adidas
0.0,1,22040167,1,False,False,False,953,1363542152,2026-07-10T21:38:23Z,AIG bonus payments controversy
0.0,0,77173051,0,False,False,False,3011,1366581612,2026-07-28T21:41:10Z,Criticism of Apple Inc.
0.0,1,68590260,1,False,False,False,767,1355386299,2026-05-21T15:07:02Z,Apple and unions
0.0,1,68748660,1,False,False,False,682,1313596136,2025-09-27T03:07:26Z,AppleToo
0.0,1,33938681,1,False,False,False,334,1338974793,2026-02-18T07:37:17Z,Big Boys Gone Bananas!*
0.0,1,23231092,1,False,False,False,1092,1362285177,2026-07-02T23:46:21Z,Criticisms of Cargill
0.0,1,5472982,1,False,False,False,3014,1368755255,2026-08-10T22:56:16Z,Criticism of Coca-Cola
0.0,1,36602893,1,False,False,False,1258,1364214914,2026-07-15T05:29:44Z,Criticism of Comcast
0.0,1,71759272,1,True,False,False,40867,1367412761,2026-08-02T23:34:50Z,Controversies of Nestlé
0.0,1,70708060,1,False,False,False,2046,1366407734,2026-07-27T21:09:58Z,Controversies surrounding Uber
0.0,1,72064606,1,False,False,False,540,1350165866,2026-04-20T14:25:01Z,Criticism of Chevron
0.0,0,74998564,0,False,False,False,454,1338619004,2026-02-16T06:19:05Z,Criticism of Qihoo 360
0.0,0,78498635,0,False,False,False,1080,1362171589,2026-07-02T09:23:14Z,Criticisms of Baidu
0.0,0,50995318,0,False,False,False,15,974392998,2020-08-22T19:11:35Z,Criticism of Dell
0.0,1,39805273,1,False,False,False,450,1361161370,2026-06-26T02:08:26Z,Criticism of Dish Network
0.0,0,83719275,0,False,False,False,209,1365003502,2026-07-19T19:03:41Z,Criticism of ABC
0.0,1,83722420,1,False,False,False,365,1365856184,2026-07-24T21:03:04Z,Criticism of Disney theme parks
0.0,1,24711516,1,False,False,False,3422,1366161834,2026-07-26T17:22:16Z,Criticism of the Walt Disney Company
0.0,1,75968498,1,False,False,False,1675,1364758890,2026-07-18T10:34:16Z,Criticism of Walt Disney Animation Studios
0.0,1,70294350,1,False,False,False,988,1307353154,2025-08-23T04:16:18Z,Disney and Florida's Parental Rights in Education Act
0.0,0,46375733,0,False,False,False,14,974392957,2020-08-22T19:11:20Z,Criticism of Duke Energy
0.0,0,50966971,0,False,False,False,37,1293451754,2025-06-01T20:14:12Z,Criticism of Dunkin' Donuts
0.0,1,40765516,1,False,False,False,215,1314317719,2025-09-30T19:59:30Z,Dunkindonuts.org
0.0,0,50966925,0,False,False,False,4719,1362356384,2026-07-03T11:58:05Z,Criticism of Electronic Arts
0.0,0,50966940,0,False,False,False,12,1193892219,2024-01-06T04:22:29Z,Criticism of Elsevier
0.0,1,72934909,1,False,False,False,68992,1366689401,2026-07-29T15:18:21Z,Enshittification
0.0004237947833571898,1,72934909,1,True,False,True,68992,1369181880,2026-08-13T10:18:00Z,Enshittification
0.0,1,72934909,1,True,False,True,68992,1369210597,2026-08-13T14:42:37Z,Enshittification
0.0,1,16394240,1,False,False,False,1787,1368523600,2026-08-09T15:35:32Z,Criticism of ESPN
0.0009135659220930181,1,16394240,1,False,False,True,1787,1371347630,2026-08-26T01:05:23Z,Criticism of ESPN
0.0,1,32780354,1,False,False,False,3508,1364547585,2026-07-17T04:13:38Z,Evil corporation
0.0,1,12878216,1,False,False,False,6773,1370069128,2026-08-18T23:38:50Z,Criticism of Facebook
0.0,0,50966949,0,False,False,False,20,974393318,2020-08-22T19:13:59Z,Criticism of General Electric
0.0,1,9874319,1,False,False,False,6682,1366314118,2026-07-27T08:43:13Z,Criticism of Google
0.0,0,48736239,0,False,False,False,2319,1366820072,2026-07-30T12:25:13Z,Privacy concerns with Google
0.0,1,31589132,1,True,False,False,3683,1315169954,2025-10-05T05:47:24Z,HumancentiPad
0.0,0,57206525,0,False,False,False,1922,1331037431,2026-01-04T03:02:19Z,Criticism of IKEA
0.0,0,65045875,0,False,False,False,58,1102215742,2022-08-03T23:45:06Z,Criticism of Instagram
0.0,1,76103459,1,False,False,False,207,1360659470,2026-06-22T20:43:05Z,Julius Baer Group controversies
0.0,0,75357099,0,True,False,False,40,1185928641,2023-11-19T21:20:35Z,Criticism of Lenovo
0.0,1,26114073,1,False,False,False,2482,1359013324,2026-06-12T13:47:38Z,Logorama
0.0,0,7925289,0,True,False,False,2005,1350001437,2026-04-19T21:08:00Z,McDonald's Video Game
0.0,0,5671784,0,True,False,False,2045,1357117806,2026-05-31T21:15:55Z,Criticism of McDonald's
0.0,1,709683,1,False,False,False,3753,1366245496,2026-07-27T00:49:39Z,Criticism of Microsoft
0.0,0,81528798,0,False,False,False,663,1355733133,2026-05-23T16:15:59Z,Criticism of Mozilla Corporation
0.0,0,34184511,0,True,False,False,1419,1362212883,2026-07-02T15:15:13Z,MS NOW criticisms and controversies
0.0,0,51929095,0,False,False,False,12,974393956,2020-08-22T19:18:41Z,Criticism of Mylan
0.0,0,36120924,0,False,False,False,1028,1359948515,2026-06-18T06:42:42Z,Criticism of Myspace
0.0,1,14855318,1,False,False,False,1803,1361370958,2026-06-27T14:48:36Z,Criticism of NASCAR
0.0,0,7215125,0,False,False,False,1500,1367206955,2026-08-01T18:23:44Z,NBA criticisms and controversies
0.0,0,36130880,0,False,False,False,82,1218053901,2024-04-09T12:51:41Z,NBA draft conspiracy
0.0,0,50276542,0,False,False,False,2558,1365076802,2026-07-20T03:46:08Z,Criticism of Netflix
0.0,1,35621155,1,False,False,False,2794,1364026439,2026-07-14T01:40:42Z,NFL controversies
0.0,0,26783907,0,False,False,False,25,831003831,2018-03-18T04:49:58Z,Criticism of Nortel
0.0,0,50966968,0,False,False,False,14,974394941,2020-08-22T19:24:53Z,Criticism of Northrop Grumman
0.0,0,50966954,0,False,False,False,16,974395065,2020-08-22T19:25:38Z,Criticism of Novartis
0.0,0,4105368,0,False,False,False,422,1352815107,2026-05-06T12:00:51Z,Other People's Money and How the Bankers Use It
0.0,1,36519084,1,False,False,False,625,1361811259,2026-06-30T06:22:53Z,Criticism of Paramount Skydance
0.0,1,79111051,1,False,False,False,770,1360214951,2026-06-19T23:57:41Z,Psymposia
0.0,0,51378163,0,False,False,False,41,735488229,2016-08-21T02:35:20Z,Reddit controversies
0.0,1,28906679,1,False,False,False,438,1365149599,2026-07-20T15:35:41Z,Criticisms of Sky UK
0.0,0,49313998,0,False,False,False,5180,1363859879,2026-07-12T22:52:04Z,Criticism of Starbucks
0.0,1,69476774,1,False,False,False,2358,1365539520,2026-07-23T02:07:32Z,Starbucks unions
0.008400736679621268,1,69476774,1,False,False,True,2358,1368250325,2026-08-07T23:36:15Z,Starbucks unions
0.00883199797984724,1,69476774,1,False,False,True,2358,1371163994,2026-08-24T23:53:19Z,Starbucks unions
0.0,0,50966934,0,False,False,False,23,974395238,2020-08-22T19:27:03Z,Criticism of Target Corporation
0.0,0,80703011,0,False,False,False,24,1305140569,2025-08-10T08:19:49Z,Controversies of Tencent
0.0,0,70859557,0,False,False,False,52,1089531702,2022-05-24T09:54:03Z,Tencent controversies
0.0,0,9628525,0,False,False,False,635,1361580530,2026-06-28T21:30:57Z,Criticism of Tesco
0.0,1,66405413,1,False,False,False,2919,1365149135,2026-07-20T15:31:34Z,"Criticism of Tesla, Inc."
0.0,0,48632274,0,False,False,False,221,1358089109,2026-06-06T13:51:45Z,Tobacco (Last Week Tonight with John Oliver)
0.0,1,62461579,1,False,False,False,910,1358122666,2026-06-06T18:34:20Z,TSLAQ
0.0,1,74861656,1,False,False,False,1732,1349966288,2026-04-19T17:57:39Z,Censorship by X
0.0,0,65046005,0,False,False,False,82,1094664745,2022-06-23T21:25:15Z,Criticism of Uber
0.0,1,72811273,1,False,False,False,2308,1361811570,2026-06-30T06:27:10Z,Ultimate Fighting Championship controversies
0.0,0,39042555,0,False,False,False,403,1315351360,2025-10-06T04:54:37Z,Untied.com
0.0,0,45489002,0,False,False,False,202,974395450,2020-08-22T19:28:27Z,Criticism of Urban Outfitters
0.0,0,50966955,0,False,False,False,20,974395811,2020-08-22T19:31:10Z,Criticism of Visa Inc.
0.0,0,66199539,0,False,False,False,41,1089530989,2022-05-24T09:48:49Z,Xiaomi controversies
0.0,0,18718392,0,False,False,False,432,1353030738,2026-05-07T19:06:54Z,Criticism of Yahoo
0.0,0,50966985,0,False,False,False,34,974395087,2020-08-22T19:25:45Z,Criticism of Zynga
0.0,0,16865645,0,False,False,False,3696,1364930050,2026-07-19T10:24:45Z,Lists of companies
0.0,0,58144667,0,False,False,False,1154,1365725138,2026-07-24T02:17:46Z,List of Acclaim Entertainment subsidiaries
0.0,1,12887738,1,False,False,False,2587,1356423969,2026-05-27T17:43:22Z,List of aluminium smelters
0.0,0,7217068,0,True,False,False,393,1354177072,2026-05-14T20:08:01Z,List of Arab companies
0.0,0,71782431,0,True,False,False,282,1361357928,2026-06-27T12:36:13Z,List of Atari SA subsidiaries
0.0,0,57385546,0,False,False,False,755,1352655092,2026-05-05T14:04:01Z,List of benefit corporations
0.0,0,8386893,0,True,False,False,438,1334155370,2026-01-21T21:44:00Z,List of bioinformatics companies
0.003784288420812243,0,8386893,0,True,False,True,438,1370167033,2026-08-19T13:58:17Z,List of bioinformatics companies
2.220446049250313e-16,0,8386893,0,True,False,True,438,1370167071,2026-08-19T13:58:34Z,List of bioinformatics companies
0.0,0,20959653,0,False,False,False,85,1242647552,2024-08-27T23:35:14Z,List of bioplastic producers
0.0,0,37134444,0,True,False,False,908,1365591614,2026-07-23T09:38:34Z,List of bottling companies
0.0,0,66095781,0,False,False,False,15723,1362844042,2026-07-06T15:25:31Z,List of most valuable brands
0.011981183225197922,0,66095781,0,False,False,True,15723,1370372575,2026-08-20T19:19:48Z,List of most valuable brands
0.0,0,53836272,0,True,False,False,845,1363359229,2026-07-09T18:31:01Z,List of cannabis companies
0.002599753870458632,0,53836272,0,False,False,True,845,1370543083,2026-08-21T19:08:00Z,List of cannabis companies
0.0,0,458248,0,False,False,False,2504,1364630389,2026-07-17T16:55:19Z,List of companies named after people
0.0,1,10678828,1,False,False,False,5357,1367276881,2026-08-02T03:02:48Z,List of conglomerates
0.0,0,63458020,0,False,False,False,205,1319965909,2025-11-01T23:54:35Z,List of former consulting firms
0.0,1,82198305,1,False,False,False,4100,1366412266,2026-07-27T21:38:58Z,Controversies involving ICE and private businesses
0.0,0,48729940,0,False,False,False,533,1365978145,2026-07-25T14:50:47Z,Lists of corporate mergers and acquisitions
0.0,0,78979264,0,False,False,False,2805,1333589843,2026-01-18T17:58:02Z,List of cultured meat companies
0.0,1,68147538,1,False,False,False,1320,1336890623,2026-02-06T07:43:09Z,List of most indebted companies
0.0,1,2686076,1,False,False,False,2904,1370312863,2026-08-20T11:20:47Z,List of employee-owned companies
0.0,1,68880142,1,False,False,False,2680,1349504097,2026-04-17T16:59:43Z,List of the largest family businesses
0.0,0,2697263,0,False,False,False,2147,1354415684,2026-05-16T08:00:51Z,List of franchises
0.0,1,79970201,1,False,False,False,9033,1366704944,2026-07-29T17:37:18Z,List of companies involved in the Gaza war
0.0,1,50813086,1,True,False,False,1796,1360564634,2026-06-22T08:08:45Z,List of gig economy companies
0.0,1,43527605,1,True,False,False,2622,1355791719,2026-05-23T23:24:15Z,List of government-owned companies
0.0,0,66377962,0,False,False,False,941,1313054763,2025-09-24T01:46:49Z,List of companies that halted U.S. political contributions in January 2021
0.0,0,17350757,0,False,False,False,12347,1362314398,2026-07-03T04:05:47Z,Historical components of the Dow Jones Industrial Average
0.07850421404054386,0,17350757,0,False,False,True,12347,1369511134,2026-08-15T12:36:36Z,Historical components of the Dow Jones Industrial Average
0.0,0,83944043,0,False,False,False,1310,1368911191,2026-08-11T20:20:45Z,Historical components of the S&P 400
0.006863028506133961,0,83944043,0,False,False,True,1310,1369031462,2026-08-12T13:10:24Z,Historical components of the S&P 400
0.0,0,83943699,0,False,False,False,17222,1368903080,2026-08-11T19:09:16Z,Historical components of the S&P 500
0.005122598068229345,0,83943699,0,False,False,True,17222,1368910827,2026-08-11T20:18:02Z,Historical components of the S&P 500
0.011586802350277647,0,83943699,1,False,True,True,17222,1369031439,2026-08-12T13:10:17Z,Historical components of the S&P 500
0.012880117644727185,0,83943699,1,False,False,True,17222,1369954434,2026-08-18T06:01:01Z,Historical components of the S&P 500
0.0,0,83944120,0,False,False,False,1225,1368913198,2026-08-11T20:35:32Z,Historical components of the S&P 600
0.006725960793100616,0,83944120,0,False,False,True,1225,1369031472,2026-08-12T13:10:32Z,Historical components of the S&P 600
0.0,0,37155364,0,False,False,False,1425,1341328814,2026-03-02T16:24:25Z,List of holding companies
0.0,1,21832998,1,False,False,False,9618,1369335445,2026-08-14T09:51:47Z,List of companies involved in the Holocaust
0.0,0,3977672,0,False,False,False,340,1317283651,2025-10-17T09:37:49Z,List of company and product names derived from Indigenous peoples
0.0,1,74665616,1,False,False,False,11019,1342738644,2026-03-10T12:52:01Z,International Sponsors of War
0.0,0,41725195,0,False,False,False,2281,1314780333,2025-10-03T05:09:14Z,Largest copper companies
0.0,0,78043895,0,False,False,False,163,1362072678,2026-07-01T19:39:33Z,List of companies founded by women
0.0,1,81052141,1,False,False,False,601,1338681989,2026-02-16T16:47:11Z,List of defence companies of Turkey
0.0,0,83982078,0,False,False,False,10891,1369511125,2026-08-15T12:36:32Z,List of Dow Jones Industrial Average companies
0.0,0,83952056,0,False,False,False,8913,1369081490,2026-08-12T20:04:16Z,List of Russell 1000 companies
0.001940400304504375,0,83952056,0,False,False,True,8913,1369125911,2026-08-13T02:08:14Z,List of Russell 1000 companies
0.00997938124580433,0,83952056,0,False,False,True,8913,1369164064,2026-08-13T07:25:30Z,List of Russell 1000 companies
0.0,0,64002660,0,False,False,False,1583,1354910361,2026-05-18T22:25:17Z,List of companies based in Los Angeles County
0.0,0,6911253,0,False,False,False,5057,1367305407,2026-08-02T07:46:46Z,List of multinational corporations
0.0,1,40754414,1,False,False,False,1257,1365664478,2026-07-23T19:03:49Z,List of multinational companies with research and development centres in Israel
0.0,0,3650823,0,True,False,False,24288,1362711601,2026-07-05T19:28:17Z,List of oldest companies
0.0,1,36700040,1,False,False,False,7492,1350258569,2026-04-21T00:08:01Z,List of oldest banks in continuous operation
0.0,0,40852251,0,False,False,False,1586,1363912811,2026-07-13T07:21:11Z,List of oldest companies in Australia
0.0,1,56459974,1,False,False,False,3022,1362164218,2026-07-02T08:01:04Z,List of oldest companies in India
0.0,0,24026434,0,False,False,False,5792,1362414660,2026-07-03T20:24:01Z,List of oldest companies in the United States
0.057399399056450306,0,24026434,0,False,False,True,5792,1371303567,2026-08-25T19:52:58Z,List of oldest companies in the United States
2.220446049250313e-16,0,24026434,0,False,False,True,5792,1371303783,2026-08-25T19:54:32Z,List of oldest companies in the United States
0.0,0,58096013,0,False,False,False,1892,1327980277,2025-12-17T05:06:05Z,List of oldest institutions in continuous operation
0.0,0,55719669,0,False,False,False,1477,1362792432,2026-07-06T06:07:22Z,List of people and organisations named in the Paradise Papers
0.0,0,20152304,0,False,False,False,1211,1355697459,2026-05-23T10:42:32Z,List of podcasting companies
0.0,0,28167116,0,False,False,False,6863,1356689611,2026-05-29T06:28:33Z,List of largest corporate profits and losses
0.0,0,63050368,0,True,False,False,2380,1324749452,2025-11-29T10:13:23Z,List of companies by research and development spending
0.0,0,30256178,0,False,False,False,592684,1366366707,2026-07-27T16:21:53Z,List of S&P 400 companies
0.12357553699449486,0,30256178,0,True,False,True,592684,1368911186,2026-08-11T20:20:43Z,List of S&P 400 companies
0.0,0,30256178,0,True,False,True,592684,1370300778,2026-08-20T08:42:35Z,List of S&P 400 companies
0.0,0,2676045,0,False,False,False,15796877,1365256480,2026-07-21T06:56:32Z,List of S&P 500 companies
0.002149278090117779,0,2676045,0,False,False,True,15796877,1368908824,2026-08-11T20:00:52Z,List of S&P 500 companies
0.005789083505275294,0,2676045,0,False,False,True,15796877,1368910761,2026-08-11T20:17:29Z,List of S&P 500 companies
0.0,1,58284718,1,False,False,False,480798,1366695382,2026-07-29T16:10:02Z,List of S&P 600 companies
0.09498104345381198,1,58284718,1,True,False,True,480798,1368913196,2026-08-11T20:35:31Z,List of S&P 600 companies
0.0,1,58284718,1,True,False,True,480798,1370003556,2026-08-18T14:57:03Z,List of S&P 600 companies
0.0,0,64611073,0,False,False,False,311,1080856294,2022-04-03T21:39:55Z,List of S&P 1000 companies
0.0,1,56111384,1,False,False,False,1251,1360335855,2026-06-20T21:17:20Z,List of companies founded by Stanford University alumni
0.0,0,70284218,0,False,False,False,3814,1361848076,2026-06-30T12:50:17Z,List of strip clubs
0.0,1,52625218,1,False,False,False,22824,1366659452,2026-07-29T10:29:45Z,List of unicorn startup companies
0.0,0,53757972,0,False,False,False,1153,1357335807,2026-06-02T02:03:08Z,List of vegetarian and vegan companies
0.0,1,70886410,1,False,False,False,413,1303474159,2025-07-31T06:26:01Z,Yale CELI List of Companies
0.0,1,64308,1,False,False,False,35276,1362785862,2026-07-06T04:48:54Z,Conglomerate (company)
0.0,1,81028188,1,False,False,False,2534,1366320864,2026-07-27T09:50:19Z,Acquisition of Time Warner by AT&T
0.0,1,82189913,1,False,False,False,330,1358366986,2026-06-08T06:38:07Z,Canadia Group
0.0,0,16708595,0,False,False,False,639,1301740535,2025-07-21T12:00:32Z,Combine (enterprise)
0.0,1,42737,1,False,False,False,69181,1366518074,2026-07-28T13:42:02Z,Dutch East India Company
7.21329250271685e-05,1,42737,1,False,False,True,69181,1369899533,2026-08-17T21:57:02Z,Dutch East India Company
0.0,1,79146569,1,False,False,False,220,1351232185,2026-04-26T19:32:52Z,Grupo Fertiberia
0.0,0,83691315,0,False,False,False,93,1364456708,2026-07-16T17:28:37Z,Inyatsi Group Holdings
0.0,0,31957142,0,False,False,False,874,1368460128,2026-08-09T04:40:00Z,Jebsen & Jessen
0.0,1,76864023,1,False,False,False,207,1370459945,2026-08-21T05:58:34Z,Sichuan Trust
0.0,1,72476090,1,False,False,False,373,1323582837,2025-11-22T16:58:06Z,True World Group
0.0,0,79351148,0,False,False,False,33746,1370304050,2026-08-20T09:24:14Z,TWG Global
0.0,0,18301351,0,False,False,False,1209,1361482537,2026-06-28T05:20:59Z,Zapf Creation
0.0,1,42154738,1,False,False,False,1673,1365307326,2026-07-21T15:58:16Z,Cepheid (company)
0.0,1,66260903,1,False,False,False,1960,1354859734,2026-05-18T17:00:37Z,Curative (company)
0.0,1,978997,1,False,False,False,12696,1365459454,2026-07-22T15:20:05Z,Gilead Sciences
0.0,1,63910255,1,False,False,False,144,1297815197,2025-06-28T17:57:17Z,Prestige Ameritech
0.0,0,5617513,0,False,False,False,8452,1365984211,2026-07-25T15:38:28Z,Regeneron Pharmaceuticals
0.0,1,429624,1,False,False,False,24639,1367338113,2026-08-02T13:35:43Z,Ask.com
0.0,0,83681617,0,False,False,False,319,1365266845,2026-07-21T08:57:03Z,List of oldest fine art auction houses
0.0,0,49142635,0,False,False,False,344,1362421810,2026-07-03T21:11:40Z,List of women company founders
0.0,0,78231937,0,False,False,False,345,1357389606,2026-06-02T10:20:32Z,Philip Inghelbrecht
0.0,0,73210414,0,False,False,False,2071,1367745921,2026-08-04T23:31:01Z,Robert Mugabe Jr.
0.0,1,42290567,1,False,False,False,156,1361869934,2026-06-30T15:37:16Z,Vahid Mustafayev
0.0,1,55180649,1,False,False,False,82,1359598371,2026-06-16T04:28:31Z,Hanna Salameh
0.0,1,19614638,1,False,False,False,18972,1366823055,2026-07-30T12:51:50Z,Allianz
0.0,1,19614638,1,False,False,True,18972,1368218947,2026-08-07T19:27:04Z,Allianz
0.0,1,90451,1,False,False,False,310761,1367380819,2026-08-02T19:26:19Z,Amazon (company)
1.738293133324298e-06,1,90451,1,False,False,True,310761,1367749609,2026-08-05T00:05:27Z,Amazon (company)
1.738293133324298e-06,1,90451,1,False,False,True,310761,1367868544,2026-08-05T17:44:11Z,Amazon (company)
0.0010929155923716793,1,90451,1,False,False,True,310761,1368682771,2026-08-10T13:51:40Z,Amazon (company)
0.0,1,144925,1,True,False,False,17029,1366880253,2026-07-30T18:50:24Z,Atlas Air
0.0,1,1256149,1,False,False,False,14158,1361869344,2026-06-30T15:33:21Z,Axa
0.0,1,200128,1,False,False,False,40853,1364949222,2026-07-19T13:15:03Z,BAE Systems
0.0,1,35644201,1,False,False,False,33500,1367284702,2026-08-02T04:21:19Z,Barclays
0.0,1,18933266,1,False,False,False,120846,1367110790,2026-08-01T01:49:23Z,Boeing
0.0008608636491153066,1,18933266,1,False,False,True,120846,1369100559,2026-08-12T22:27:02Z,Boeing
0.0010712863059075817,1,18933266,1,False,False,True,120846,1369100719,2026-08-12T22:28:49Z,Boeing
0.002038251781003142,1,18933266,1,False,False,True,120846,1369628999,2026-08-16T03:56:57Z,Boeing
0.0,1,13336548,1,False,False,False,18826,1361217364,2026-06-26T13:13:13Z,Boston Consulting Group
0.0,1,167638,1,False,False,False,23560,1364770956,2026-07-18T12:37:03Z,Carrefour
0.0016377376660560161,1,167638,1,False,False,True,23560,1370531947,2026-08-21T17:48:35Z,Carrefour
0.006248065970699379,1,167638,1,False,False,True,23560,1370809763,2026-08-23T05:20:01Z,Carrefour
0.0,1,668125,1,False,False,False,34989,1363756788,2026-07-12T06:02:26Z,Caterpillar Inc.
0.0,1,51746,1,False,False,False,38075,1366724044,2026-07-29T20:16:00Z,Cisco
0.0,1,7120185,1,False,False,False,1932,1364678235,2026-07-17T22:40:33Z,Day & Zimmermann
0.0,1,102490,1,True,False,False,40370,1366991439,2026-07-31T07:38:01Z,Dell
0.0,0,1341669,0,False,False,False,20060,1363840280,2026-07-12T20:17:15Z,Elbit Systems
0.0020995325464466807,0,1341669,0,False,False,True,20060,1368388100,2026-08-08T19:46:48Z,Elbit Systems
0.5507261164350203,0,1341669,1,False,True,True,20060,1368484739,2026-08-09T08:29:20Z,Elbit Systems
0.0020995325464466807,0,1341669,0,False,True,True,20060,1368545676,2026-08-09T18:25:01Z,Elbit Systems
0.0,1,417606,1,False,False,False,14174,1357889888,2026-06-05T08:01:08Z,Expedia
0.0,1,52108,1,False,False,False,33255,1367719852,2026-08-04T19:49:03Z,General Dynamics
0.0,1,1092923,1,False,False,False,1946443,1367368750,2026-08-02T17:56:48Z,Google
0.0,1,21347024,1,False,False,False,39778,1365942559,2026-07-25T09:36:35Z,Hewlett-Packard
0.0,1,225721,1,False,False,False,33747,1367118949,2026-08-01T02:47:18Z,Honeywell
0.0012591218704812723,1,225721,1,False,False,True,33747,1368652815,2026-08-10T08:42:44Z,Honeywell
0.0012591218704812723,1,225721,1,False,False,True,33747,1368804343,2026-08-11T05:17:02Z,Honeywell
0.0,1,570143,1,False,False,False,12585,1367169948,2026-08-01T12:47:39Z,Leonardo S.p.A.
0.0,1,66527,1,False,False,False,71361,1367219908,2026-08-01T20:04:04Z,Lockheed Martin
0.0,1,723005,1,False,False,False,24811,1368755691,2026-08-10T23:00:51Z,Maersk
0.0,1,305388,1,False,False,False,15628,1366722580,2026-07-29T20:04:20Z,MBDA
0.0,1,2480627,1,False,False,False,118952,1366613165,2026-07-29T02:07:58Z,McDonald's
0.00034507782497250616,1,2480627,1,False,False,True,118952,1369414342,2026-08-14T20:48:47Z,McDonald's
0.0319871938194769,1,2480627,1,True,False,True,118952,1370165705,2026-08-19T13:46:19Z,McDonald's
0.00034507782497250616,1,2480627,1,True,False,True,118952,1370165768,2026-08-19T13:46:56Z,McDonald's
0.007794623534067124,1,2480627,1,True,False,True,118952,1370254522,2026-08-20T01:37:34Z,McDonald's
0.00034507782497250616,1,2480627,1,True,False,True,118952,1370254701,2026-08-20T01:39:05Z,McDonald's
0.016263715999572437,1,2480627,1,True,False,True,118952,1370285053,2026-08-20T05:54:27Z,McDonald's
0.00034507782497250616,1,2480627,1,True,False,True,118952,1370285299,2026-08-20T05:56:22Z,McDonald's
0.00031900497472570066,1,2480627,1,True,False,True,118952,1370897548,2026-08-23T16:53:16Z,McDonald's
0.00034507782497250616,1,2480627,1,True,False,True,118952,1370897628,2026-08-23T16:53:37Z,McDonald's
0.0042220984691963,1,2480627,1,True,False,True,118952,1370898883,2026-08-23T16:59:36Z,McDonald's
0.00034507782497250616,1,2480627,1,True,False,True,118952,1370898981,2026-08-23T16:59:57Z,McDonald's
0.0,1,62420226,1,False,False,False,171878,1366801374,2026-07-30T09:10:20Z,Meta Platforms
0.0,0,19001,0,False,False,False,332660,1367138536,2026-08-01T06:20:33Z,Microsoft
0.0002657140873409958,0,19001,0,False,False,True,332660,1371209102,2026-08-25T05:28:11Z,Microsoft
0.0,1,39120,1,False,False,False,199928,1367187263,2026-08-01T15:39:46Z,Nvidia
0.0021891318603547427,1,39120,1,False,False,True,199928,1367426807,2026-08-03T01:16:56Z,Nvidia
0.0021891318603547427,1,39120,1,False,False,True,199928,1369096021,2026-08-12T21:42:30Z,Nvidia
0.019238928883979933,1,39120,1,False,False,True,199928,1369096924,2026-08-12T21:50:26Z,Nvidia
0.0,1,27197818,1,True,False,False,135098,1367212567,2026-08-01T19:10:44Z,Palantir
0.5763890695110139,1,27197818,1,True,False,True,135098,1367777081,2026-08-05T03:31:02Z,Palantir
0.0,1,27197818,1,True,False,True,135098,1367791147,2026-08-05T05:57:10Z,Palantir
0.0,1,920446,1,False,False,False,18975,1366343450,2026-07-27T13:38:21Z,Rheinmetall
0.0,1,35500730,1,False,False,False,804,1360062995,2026-06-19T00:37:12Z,SKDK
0.0,1,45111627,1,False,False,False,89255,1367270361,2026-08-02T02:12:14Z,Starlink
0.007488668972678525,1,45111627,1,True,False,True,89255,1369408037,2026-08-14T20:04:22Z,Starlink
0.0,1,45111627,1,True,False,True,89255,1369510185,2026-08-15T12:28:27Z,Starlink
0.0,0,3612829,0,False,False,False,10325,1366429924,2026-07-28T00:21:43Z,Tripadvisor
0.0,1,692374,1,True,False,False,49835,1367110359,2026-08-01T01:45:50Z,The Vanguard Group
0.008237764995581598,1,692374,1,True,False,True,49835,1371247176,2026-08-25T12:18:08Z,The Vanguard Group
0.012948518102820161,1,692374,1,True,False,True,49835,1371247449,2026-08-25T12:20:25Z,The Vanguard Group
0.0,1,692374,1,True,False,True,49835,1371252194,2026-08-25T13:00:49Z,The Vanguard Group
0.0,1,32412,1,True,False,False,27962,1358169181,2026-06-07T01:10:47Z,Volvo
0.008130351095346322,1,32412,1,False,False,True,27962,1368498331,2026-08-09T11:19:15Z,Volvo
0.0,1,21310173,1,False,False,False,23325,1366717536,2026-07-29T19:26:07Z,Wix.com
0.0,1,7198409,1,False,False,False,2993,1322155772,2025-11-14T16:58:51Z,"Woodward, Inc."
0.0,0,9502813,0,False,False,False,380,1355446562,2026-05-21T22:30:02Z,Corporate history
0.0,0,84009833,0,False,False,False,756,1370040256,2026-08-18T20:03:35Z,History of Spotify
0.0,0,3969301,0,False,False,False,188,1173025866,2023-08-30T20:31:59Z,History of steamship lines
0.0,1,14187787,1,False,False,False,714,1345106416,2026-03-24T09:32:43Z,Corporate housing
0.0,1,59361849,1,False,False,False,105,1348323811,2026-04-12T01:18:38Z,A&P Superintendent's House
0.0,1,41212955,1,False,False,False,169,1308772103,2025-08-31T10:55:20Z,American Sheet and Tin Mill Apartment Building
0.0,1,41540799,1,False,False,False,99,1342763151,2026-03-10T15:40:24Z,American Woolen Company Townhouses
0.0,1,18703351,1,False,False,False,84,1342763156,2026-03-10T15:40:24Z,American Woolen Mill Housing District
0.0,1,30528555,1,False,False,False,57,1301921158,2025-07-22T11:13:02Z,Boone County Distillery Superintendent's House and Guest House
0.0,0,20551404,0,False,False,False,124,1344137957,2026-03-18T15:29:14Z,Boston Manufacturing Company Housing
0.0,1,20551726,1,False,False,False,120,1344289551,2026-03-19T14:26:30Z,Charles Street Workers' Housing Historic District
0.0,1,870767,1,False,False,False,10035,1365884708,2026-07-25T00:36:58Z,Company town
0.0,0,34377176,0,False,False,False,77,1328198411,2025-12-18T13:07:38Z,"Crosley–Garrett Mill Workers' Housing, Store, and Mill Site"
0.0,0,19646608,0,False,False,False,184,1319270294,2025-10-28T20:03:35Z,Dutchess Company Superintendent's House
0.0,0,18732712,0,False,False,False,145,1326588306,2025-12-09T19:58:36Z,Dwight Manufacturing Company Housing District
0.0,1,45229555,1,False,False,False,147,1364796751,2026-07-18T16:03:26Z,Fairbanks Exploration Company Housing
0.0,1,39545605,1,False,False,False,111,1302529251,2025-07-26T00:43:46Z,Fairbanks Flats
0.0,0,40018796,0,False,False,False,96,1268089604,2025-01-08T03:17:31Z,Fieldale Historic District
0.0,0,32687331,0,False,False,False,124,1362067560,2026-07-01T19:11:40Z,Five Channels Dam
0.0,0,41553973,0,False,False,False,130,1366503412,2026-07-28T11:23:51Z,Frankfort Land Company House
0.0,1,40105654,1,False,False,False,124,1302434200,2025-07-25T10:52:54Z,Charles Granke House
0.0,0,18732304,0,False,False,False,92,1326588368,2025-12-09T19:58:49Z,Hadley Falls Company Housing District
0.0,1,21970494,1,False,False,False,73,1345335208,2026-03-25T15:40:27Z,Hamilton Mill Brick House
0.0,0,49437887,0,False,False,False,78,1268324834,2025-01-09T05:52:53Z,Holden–Leonard Workers Housing Historic District
0.0,0,14749943,0,False,False,False,420,1352993628,2026-05-07T14:20:03Z,Hopper hut
0.0,1,40852828,1,False,False,False,82,1301076215,2025-07-17T23:58:18Z,Hylton Hall
0.0,1,21877309,1,False,False,False,150,1345535462,2026-03-26T16:19:04Z,Indian Hill-North Village
0.0,1,17813447,1,False,False,False,141,1311254007,2025-09-14T09:10:40Z,Kossuth Colony Historic District
0.0,0,51107964,0,False,False,False,91,1302947524,2025-07-28T07:41:16Z,Linwood Plantation
0.0,1,34103849,1,False,False,False,105,1350749657,2026-04-23T19:52:54Z,Manville Company Worker Housing Historic District
0.0,1,19432202,1,False,False,False,83,1301829188,2025-07-21T23:24:29Z,McGilbert House
0.0,1,57792627,1,False,False,False,306,1302965499,2025-07-28T10:57:52Z,Midwest Oil Company Hotel
0.0,0,736696,0,False,False,False,2652,1349538105,2026-04-17T19:47:21Z,Model village
0.0,1,31351021,1,False,False,False,231,1229473217,2024-06-17T00:53:08Z,List of existing model dwellings
0.0,1,47342257,1,False,False,False,94,1364857000,2026-07-18T23:04:58Z,Moreton Central Sugar Mill Worker's Housing
0.0,0,57873745,0,False,False,False,59,1332299168,2026-01-11T02:00:54Z,Mozginyh tenement house (Moscow)
0.0,1,36453121,1,False,False,False,106,1344771517,2026-03-22T12:59:06Z,NAMCO Block
0.0,1,52607313,1,False,False,False,204,1302968745,2025-07-28T11:30:07Z,National Woodenware Company Superintendent's Residence
0.0,1,46304060,1,False,False,False,93,1350409609,2026-04-21T20:02:46Z,North Washington Avenue Workers' House
0.0,1,61332548,1,False,False,False,138,1303160660,2025-07-29T11:38:28Z,Pacific Coast Company House No. 75
0.0,1,54571057,1,False,False,False,100,1350492895,2026-04-22T06:20:17Z,"Presidential Village, Maynard, Massachusetts"
0.0,1,63681120,1,False,False,False,198,1334011859,2026-01-21T01:25:35Z,Railways Department's Housing Scheme
0.0,1,18560333,1,False,False,False,100,1345535665,2026-03-26T16:19:59Z,Rockdale Common Housing District
0.0,0,39660481,0,False,False,False,78,1334961984,2026-01-26T16:13:13Z,"Rucker House (Bauxite, Arkansas)"
0.00025607831018459315,0,39660481,0,False,False,True,78,1371054452,2026-08-24T09:17:33Z,"Rucker House (Bauxite, Arkansas)"
0.0,1,48592419,1,True,False,False,213,1329141716,2025-12-24T00:33:49Z,St. Croix Boom Company House and Barn
0.0,1,38974938,1,False,False,False,77,1302575828,2025-07-26T07:46:44Z,Schroeder Lumber Company Bunkhouse
0.0,1,17030679,1,False,False,False,148,1336408453,2026-02-03T17:03:53Z,James Semple House
0.0,1,18760551,1,False,False,False,234,1342764117,2026-03-10T15:45:01Z,Shawsheen Village Historic District
0.0,0,30033804,0,False,False,False,553,1325333369,2025-12-02T14:11:53Z,Tied cottage
0.0,1,44648384,1,False,False,False,85,1357475359,2026-06-02T21:43:49Z,Chris Tompkins House
0.0,1,21971092,1,False,False,False,141,1345535785,2026-03-26T16:20:36Z,Twinehurst American Optical Company Neighborhood
0.0,1,40018255,1,False,False,False,66,1302594570,2025-07-26T11:09:44Z,Virginia Home
0.0,1,21310822,1,False,False,False,86,1345535913,2026-03-26T16:21:20Z,Windsor Court Historic District
0.0,0,59051450,0,False,False,False,40,1344818528,2026-03-22T18:54:07Z,Lyman Woodard Company Workers' Housing
0.0,1,3738953,1,False,False,False,802,1320600140,2025-11-05T18:39:57Z,Australian Company Number
0.0,1,49409143,1,False,False,False,322,1324270218,2025-11-26T17:06:50Z,Business identification number
0.0,1,39867705,1,False,False,False,142,1110166630,2022-09-14T00:22:57Z,CA Identification Number
0.0,1,36626880,1,False,False,False,1159,1296948477,2025-06-23T08:30:24Z,Commercial and Government Entity code
0.0,1,2594411,1,False,False,False,3052,1328272195,2025-12-18T21:59:28Z,Data Universal Numbering System
0.0,1,1608868,1,False,False,False,8065,1366512017,2026-07-28T12:54:15Z,Employer Identification Number
0.0,1,1608868,1,False,False,True,8065,1370344812,2026-08-20T16:06:32Z,Employer Identification Number
0.0,1,56705134,1,False,False,False,1492,1367280408,2026-08-02T03:40:02Z,EORI number
0.0,1,82383313,1,False,False,False,245,1341139644,2026-03-01T18:01:39Z,European Unique Identifier
0.0,1,28320585,1,False,False,False,90,1287477975,2025-04-26T14:36:44Z,International identifier
0.0,1,264515,1,True,False,False,5846,1344107609,2026-03-18T10:38:47Z,ISO 9362
0.0,1,31314287,1,False,False,False,21188,1350227190,2026-04-20T20:44:01Z,Legal Entity Identifier
0.0,0,1250083,0,False,False,False,262,1317778081,2025-10-20T00:10:46Z,Registered identification number
0.0,0,2594066,0,True,False,False,3628,1348356567,2026-04-12T05:22:22Z,Taxpayer Identification Number
0.0,1,7241682,1,False,False,False,11847,1364244304,2026-07-15T11:34:14Z,VAT identification number
0.0,1,25429123,1,False,False,False,4705,1362404386,2026-07-03T19:14:03Z,1MDB
0.0,1,310701,1,False,False,False,3453,1361331334,2026-06-27T06:27:00Z,Adria Airways
0.0,1,64560029,1,False,False,False,634,1310080311,2025-09-07T15:52:14Z,Alaska-Alberta Railway Development Corporation
0.0,1,61251071,1,False,False,False,1271,1291279739,2025-05-20T06:06:41Z,Bhushan Power & Steel
0.0,1,80133855,1,False,False,False,5109,1364799287,2026-07-18T16:16:10Z,Builder.ai
0.0,1,78817209,1,False,False,False,80,1330050546,2025-12-29T05:02:35Z,Canal 10 (Spain)
0.0,1,1089692,1,False,False,False,1969,1356466166,2026-05-27T23:06:23Z,Escom AG
0.0,1,22547815,1,False,False,False,186,1331092026,2026-01-04T13:17:32Z,Gateway Television
0.0,1,2102218,1,False,False,False,5202,1361443964,2026-06-27T23:15:48Z,Go First
0.0,1,83749997,1,False,False,False,188,1365265936,2026-07-21T08:45:27Z,K-World
0.0,0,81413445,0,False,False,False,69,1346214736,2026-03-30T15:41:08Z,Lucaioli
0.0,1,26740690,1,False,False,False,252,1329896069,2025-12-28T13:37:40Z,Macau Asia Satellite Television
0.0,0,4811462,0,False,False,False,2570,1361280166,2026-06-26T22:03:44Z,Moser Baer
0.0,0,6246619,0,False,False,False,154,1260283210,2024-11-29T22:33:58Z,Multivision (Sri Lanka)
0.0,1,81914407,1,False,False,False,162,1330719592,2026-01-02T02:23:20Z,Panavisión
0.0005191774341628541,1,81914407,0,False,True,True,162,1369282933,2026-08-14T01:29:21Z,Panavisión
0.0,0,79517894,0,False,False,False,164,1348959617,2026-04-15T03:27:41Z,Radiotelevisão Comercial
0.0,1,54276664,1,False,False,False,100,1249335129,2024-10-04T11:37:52Z,RBS TV (Latvia)
0.0,0,22962426,0,False,False,False,288,1353013641,2026-05-07T16:57:19Z,Shoghakat TV
0.0,0,75747422,0,False,False,False,579,1365151705,2026-07-20T15:53:25Z,Silver Reed
0.0,1,79480165,1,False,False,False,159,1339760899,2026-02-22T05:23:40Z,SuperCable
0.0,0,21261235,0,False,False,False,794,1357744666,2026-06-04T12:35:52Z,TechShop
0.0,1,76585408,1,False,False,False,179,1321798040,2025-11-12T19:10:59Z,TELMA (Moroccan TV channel)
0.0,1,75213553,1,False,False,False,402,1367768540,2026-08-05T02:26:45Z,TVAfrica
0.0,1,3016439,1,False,False,False,9212,1366192952,2026-07-26T20:26:47Z,Corporate spin-off
0.0,0,51728035,0,False,False,False,701,1232015045,2024-07-01T13:38:49Z,List of largest corporate spin-offs
0.0,1,4804295,1,False,False,False,1050,1312299490,2025-09-19T21:27:11Z,Brand extension
0.0,1,25202419,1,False,False,False,114,1103204809,2022-08-08T19:52:42Z,Government spin-off
0.0,1,25202899,1,False,False,False,267,1353011121,2026-05-07T16:35:25Z,Research spin-off
0.0,1,46287265,1,False,False,False,445,1358003288,2026-06-05T23:57:29Z,Sum-of-the-parts analysis
2.1257477345604237e-05,1,46287265,1,False,False,True,445,1370943583,2026-08-23T21:22:47Z,Sum-of-the-parts analysis
0.0,1,37821711,1,False,False,False,22637,1364296993,2026-07-15T19:21:33Z,21st Century Fox
0.0036142996801227234,1,37821711,1,False,False,True,22637,1370337064,2026-08-20T15:05:11Z,21st Century Fox
0.0029655531589770634,1,37821711,1,True,False,True,22637,1371176908,2026-08-25T01:40:59Z,21st Century Fox
0.0036142996801227234,1,37821711,1,True,False,True,22637,1371179864,2026-08-25T02:00:46Z,21st Century Fox
0.0029655531589770634,1,37821711,1,True,False,True,22637,1371332470,2026-08-25T23:10:12Z,21st Century Fox
0.0036142996801227234,1,37821711,1,True,False,True,22637,1371333487,2026-08-25T23:15:33Z,21st Century Fox
0.0,1,81648475,1,True,False,False,763,1372007110,2026-08-29T20:35:18Z,Acquisition of DirecTV by AT&T
0.0,1,73965590,1,False,False,False,1170,1369788496,2026-08-17T04:24:05Z,Adams Street Partners
0.0,1,55496621,1,False,False,False,2101,1359885979,2026-06-17T21:08:36Z,Adient
0.0,1,1286163,1,False,False,False,6019,1370034556,2026-08-18T19:15:12Z,ADT Inc.
0.0,1,6428267,1,False,False,False,19837,1362033590,2026-07-01T15:21:55Z,AECOM
0.0,1,162468,1,False,False,False,9649,1367288804,2026-08-02T05:06:34Z,Agilent Technologies
0.0,0,2229030,0,False,False,False,1035,1365469612,2026-07-22T16:58:43Z,AirTouch
0.0,1,3227217,1,True,False,False,4192,1363128219,2026-07-08T06:05:53Z,Albemarle Corporation
0.0,1,2338581,1,False,False,False,6474,1371606173,2026-08-27T10:25:55Z,Alcon
0.0,0,58930353,0,False,False,False,2607,1366440988,2026-07-28T01:43:58Z,Alight Solutions
0.0,1,41198757,1,False,False,False,2880,1350717199,2026-04-23T15:28:03Z,Allegion
0.0,1,797063,1,False,False,False,10227,1365842529,2026-07-24T19:27:20Z,Allstate
0.0,1,1991706,1,False,False,False,8774,1365077457,2026-07-20T03:51:23Z,AMC Global Media
0.0002925729256886278,1,1991706,1,False,False,True,8774,1369674808,2026-08-16T12:20:52Z,AMC Global Media
0.0,1,71239167,1,False,False,False,5111,1366442883,2026-07-28T01:59:12Z,Amentum Holdings
0.0,1,4206567,1,False,False,False,5283,1361440191,2026-06-27T22:47:44Z,América Móvil
0.0,1,7427236,1,True,False,False,2347,1366662871,2026-07-29T11:08:41Z,Anywhere Real Estate
0.0,1,63539475,1,False,False,False,3697,1365198413,2026-07-20T22:26:58Z,Arconic
0.0,1,1688448,1,False,False,False,14821,1367181677,2026-08-01T14:44:53Z,Argos (retailer)
0.0,1,16018656,1,False,False,False,3235,1360292572,2026-06-20T14:20:51Z,Arkema
0.0,1,3924354,1,True,False,False,354,1372061636,2026-08-30T02:58:03Z,Ascent Capital Group
0.0006977319160503814,1,3924354,1,True,False,True,354,1372115061,2026-08-30T11:27:11Z,Ascent Capital Group
0.0,1,23252526,1,False,False,False,3934,1362871552,2026-07-06T18:59:19Z,ASRock
0.0,1,2377417,1,False,False,False,2765,1344789701,2026-03-22T15:33:14Z,Atmos Energy
0.0,1,40634824,1,False,False,False,666,1356308680,2026-05-27T00:32:53Z,AuthenTec
0.0,1,32324033,1,False,False,False,3953,1367529126,2026-08-03T17:00:46Z,AvalonBay Communities
0.4668312339903241,1,32324033,0,False,True,True,3953,1369895628,2026-08-17T21:22:30Z,AvalonBay Communities
0.0030205647266666746,1,32324033,1,False,True,True,3953,1370305440,2026-08-20T09:43:05Z,AvalonBay Communities
0.0037473188770675847,1,32324033,1,False,False,True,3953,1370306029,2026-08-20T09:51:02Z,AvalonBay Communities
0.003937490265936039,1,32324033,1,False,False,True,3953,1370357929,2026-08-20T17:39:56Z,AvalonBay Communities
0.025550315114642563,1,32324033,1,False,False,True,3953,1370861507,2026-08-23T13:12:22Z,AvalonBay Communities
0.0,0,307455,0,False,False,False,4107,1365387048,2026-07-22T02:25:39Z,Avaya
0.0,1,8256673,1,False,False,False,5740,1359881422,2026-06-17T20:35:49Z,Avis Budget Group
0.011867404809777993,1,8256673,0,False,True,True,5740,1370557879,2026-08-21T20:48:32Z,Avis Budget Group
0.011608011196274859,1,8256673,1,False,True,True,5740,1370558058,2026-08-21T20:49:47Z,Avis Budget Group
0.0,0,23846060,0,False,False,False,3461,1362875585,2026-07-06T19:32:37Z,Axiata
0.0,0,58289764,0,False,False,False,3502,1363916581,2026-07-13T07:48:50Z,Bakkt
0.21846220158895013,0,58289764,1,False,True,True,3502,1369489093,2026-08-15T08:33:27Z,Bakkt
0.0,0,46589806,0,False,False,False,2004,1364467133,2026-07-16T18:58:37Z,Bandai Namco Pictures
0.0,0,78181212,0,False,False,False,1132,1366044888,2026-07-25T23:34:06Z,Bandai Spirits
0.0,1,47295528,1,False,False,False,621,1361696049,2026-06-29T14:59:23Z,Baxalta
0.0,1,383515,1,False,False,False,4806,1363643326,2026-07-11T12:30:57Z,BCE Inc.
0.0,1,252579,1,True,False,False,8807,1361264862,2026-06-26T20:07:00Z,Bell Canada
0.0,1,75081098,1,False,False,False,3099,1367231702,2026-08-01T21:25:14Z,Bentkey
0.0,1,51795199,1,False,False,False,518,1368978785,2026-08-12T04:54:14Z,Bioverativ
0.0,0,37577846,0,False,False,False,1015,1291210742,2025-05-19T19:39:33Z,"Black Knight, Inc."
0.0,1,53215263,1,False,False,False,18474,1367233131,2026-08-01T21:34:12Z,The Boring Company
0.007113921594452344,1,53215263,1,True,False,True,18474,1369422210,2026-08-14T21:58:03Z,The Boring Company
0.0,1,53215263,1,True,False,True,18474,1369422230,2026-08-14T21:58:13Z,The Boring Company
0.0,1,9017132,1,False,False,False,1660,1363869079,2026-07-13T00:19:57Z,Breezeline
0.0,1,54287351,1,False,False,False,2021,1357230590,2026-06-01T13:47:41Z,Brighthouse Financial
0.0,1,30402471,1,False,False,False,4776,1370732208,2026-08-22T20:22:22Z,Broadridge Financial Solutions
0.0,1,50140414,1,False,False,False,2423,1360920062,2026-06-24T13:41:42Z,Brookfield Property Partners
0.029341031871808032,1,50140414,1,False,False,True,2423,1369572592,2026-08-15T20:23:19Z,Brookfield Property Partners
0.0,1,1670239,1,False,False,False,4008,1371015678,2026-08-24T03:49:35Z,BWX Technologies
0.0,1,58408668,1,False,False,False,1035,1356438763,2026-05-27T19:32:01Z,California Resources Corporation
0.0,0,5672849,0,False,False,False,438,1363107406,2026-07-08T02:29:04Z,Cambridge Technology Partners
0.0,1,6523137,1,True,False,False,6903,1361757881,2026-06-29T22:22:12Z,Canal+ S.A.
0.0,1,1168152,1,True,False,False,34407,1365431530,2026-07-22T10:50:49Z,Capital One
0.0,0,46263331,0,False,False,False,307,1356394207,2026-05-27T14:02:17Z,Capitol News Company
0.0,0,29846973,0,False,False,False,805,1369872614,2026-08-17T18:33:24Z,CareFusion
0.0,1,2856993,1,False,False,False,5159,1367334608,2026-08-02T12:59:40Z,CarMax
0.0,1,2728694,1,False,False,False,13814,1365232931,2026-07-21T03:20:33Z,Carrier Global
0.0,1,2728694,1,False,False,True,13814,1368047981,2026-08-06T18:33:13Z,Carrier Global
0.0,1,13830461,1,False,False,False,2708,1369830445,2026-08-17T12:45:22Z,Cars.com
0.0,1,53629545,1,False,False,False,18891,1366569223,2026-07-28T19:57:02Z,CATL
0.0,1,1755846,1,False,False,False,8252,1364802480,2026-07-18T16:32:52Z,CBS Corporation
0.0,1,60138010,1,False,False,False,5253,1367678788,2026-08-04T14:32:59Z,CDK Global
0.0,1,25472899,1,False,False,False,3591,1356440783,2026-05-27T19:45:42Z,Cenovus Energy
0.0,0,69569706,0,False,False,False,1300,1336022315,2026-02-01T14:11:18Z,Cerence
0.0,1,36620484,1,True,False,False,118,1268345466,2025-01-09T08:36:01Z,Chartwell Leisure
0.0,1,44808648,1,False,False,False,4358,1355919425,2026-05-24T18:08:14Z,Chemours
0.00045256000984850164,1,44808648,1,False,False,True,4358,1368854377,2026-08-11T12:44:10Z,Chemours
0.0,1,191352,1,False,False,False,37580,1367284347,2026-08-02T04:17:23Z,Chipotle Mexican Grill
0.0,1,191352,1,False,False,True,37580,1371169680,2026-08-25T00:37:43Z,Chipotle Mexican Grill
0.0,0,42272586,0,False,False,False,567,1356442429,2026-05-27T19:56:09Z,Cimarex Energy
0.0,0,47621458,0,False,False,False,2088,1368539308,2026-08-09T17:38:46Z,CK Asset Holdings
0.0,1,308046,1,False,False,False,2880,1364396541,2026-07-16T07:38:43Z,Claris
0.0,1,23912160,1,False,False,False,906,1371393740,2026-08-26T05:20:53Z,Clearwater Paper
0.0,1,57067601,1,False,False,False,9988,1365702063,2026-07-23T23:38:24Z,CloverWorks
0.0,1,774282,1,False,False,False,23834,1367050881,2026-07-31T17:15:32Z,Cognizant
0.0,1,18586236,1,True,False,False,4335,1365739638,2026-07-24T04:23:57Z,CommScope
0.0,1,20541667,1,False,False,False,8269,1363339036,2026-07-09T15:59:09Z,Concentrix
0.0,1,72144989,1,False,False,False,4669,1367386097,2026-08-02T20:04:02Z,Corebridge Financial
0.0,1,29294161,1,False,False,False,3795,1365818660,2026-07-24T16:13:19Z,Cotality
0.0,1,59872853,1,True,False,False,8637,1359663615,2026-06-16T14:02:06Z,Corteva
0.0,0,637998,0,False,False,False,10600,1366047915,2026-07-26T00:02:37Z,Corus Entertainment
0.0006442273725629777,0,637998,1,False,True,True,10600,1367588543,2026-08-04T00:37:32Z,Corus Entertainment
0.0,1,6536261,1,False,False,False,2731,1369539966,2026-08-15T16:11:57Z,Covestro
0.0023109513993330166,1,6536261,1,False,False,True,2731,1369540067,2026-08-15T16:12:39Z,Covestro
0.0,1,41340373,1,False,False,False,565,1365776251,2026-07-24T10:21:13Z,CST Brands
0.0,1,3902072,1,False,False,False,3158,1348202646,2026-04-11T09:11:54Z,CVS Caremark
0.0001571119084098349,1,3902072,1,False,False,True,3158,1370206572,2026-08-19T19:10:48Z,CVS Caremark
0.0,1,2866750,1,False,False,False,814,1356447871,2026-05-27T20:30:52Z,Cytec Industries
0.0,0,68881056,0,False,False,False,12213,1368826763,2026-08-11T09:12:30Z,Daimler Truck
0.0,0,656393,0,False,False,False,679,1344809661,2026-03-22T17:43:24Z,DallasNews Corporation
0.0,0,1176801,0,False,False,False,13008,1356452546,2026-05-27T21:08:35Z,Darden Restaurants
0.0009501873896372581,0,1176801,0,False,False,True,13008,1372028159,2026-08-29T22:30:21Z,Darden Restaurants
0.0,1,8957,1,False,False,False,36204,1367388593,2026-08-02T20:22:23Z,DARPA
0.0,1,24471939,1,False,False,False,570,1366119611,2026-07-26T11:07:15Z,Defence Science & Technology Organisation
0.0,1,56170636,1,False,False,False,2913,1343973328,2026-03-17T14:23:52Z,Delphi Technologies
0.0,1,76602872,1,False,False,False,1172,1360632221,2026-06-22T17:59:30Z,Demonstration Rocket for Agile Cislunar Operations
0.0,1,690296,1,False,False,False,15101,1365064275,2026-07-20T02:11:29Z,Denny's
0.0,1,36908610,1,True,False,False,2322,1367733063,2026-08-04T21:38:52Z,Direct Line Group
0.0006763742863972189,1,36908610,1,True,False,True,2322,1367974016,2026-08-06T07:57:42Z,Direct Line Group
0.0,1,12621169,1,False,False,False,8967,1364206384,2026-07-15T04:05:49Z,Discover Financial
0.10173825681275028,1,12621169,0,False,True,True,8967,1372197807,2026-08-30T20:52:11Z,Discover Financial
0.0,1,3922846,1,True,False,False,605,1372061337,2026-08-30T02:56:06Z,Discovery Holding Company
0.0,1,53896565,1,False,False,False,4072,1364187694,2026-07-15T01:38:13Z,Disney Streaming
0.0,1,60348540,1,False,False,False,1149,1320963451,2025-11-07T20:25:25Z,Donnelley Financial Solutions
0.0,1,23676663,1,False,False,False,7545,1358684467,2026-06-10T07:48:12Z,Dr Pepper Snapple Group
0.0,1,1509817,1,False,False,False,100976,1364439060,2026-07-16T14:49:55Z,DreamWorks Animation
0.0,1,1509817,1,False,False,True,100976,1368277743,2026-08-08T03:12:12Z,DreamWorks Animation
0.0,0,63797784,0,False,False,False,12760,1366515747,2026-07-28T13:24:30Z,DreamWorks Animation Television
0.0,0,52777159,0,False,False,False,810,1356462647,2026-05-27T22:34:38Z,DST Systems
0.0,1,66946444,1,False,False,False,4850,1359960711,2026-06-18T09:34:44Z,DWS Group
0.0,1,646838,1,False,False,False,5983,1342270315,2026-03-08T01:27:57Z,Eastman Chemical Company
0.0,0,11699288,0,False,False,False,216,1343603957,2026-03-15T09:03:06Z,"ECAD, Inc."
0.0,1,15624422,1,False,False,False,8965,1363582956,2026-07-11T02:59:18Z,EchoStar
0.0025115846647707496,1,15624422,1,True,False,True,8965,1368156073,2026-08-07T09:51:03Z,EchoStar
0.00893783879465726,1,15624422,1,True,False,True,8965,1368158644,2026-08-07T10:24:19Z,EchoStar
0.0025115846647707496,1,15624422,1,True,False,True,8965,1368280302,2026-08-08T03:38:14Z,EchoStar
0.0,1,15624422,1,True,False,True,8965,1368280426,2026-08-08T03:39:34Z,EchoStar
0.0,1,49212180,1,False,False,False,3642,1368799567,2026-08-11T04:27:34Z,Edgewell Personal Care
0.0,1,31646903,1,False,False,False,3082,1356205683,2026-05-26T09:28:55Z,Elanco
0.0,1,56976004,1,False,False,False,663,1356465552,2026-05-27T23:00:40Z,Engility
0.0,0,16088938,0,False,False,False,2395,1367227319,2026-08-01T20:53:22Z,Entrust
0.0,1,55567232,1,False,False,False,3292,1357725354,2026-06-04T09:19:16Z,Essity
0.0,1,336834,1,False,False,False,9820,1366803739,2026-07-30T09:42:40Z,Euronext
0.0,1,34289606,1,False,False,False,976,1356467075,2026-05-27T23:14:48Z,Exelis Inc.
0.0,0,1749070,0,True,False,False,17812,1365453692,2026-07-22T14:25:46Z,Expedia Group
0.02059499780105467,0,1749070,0,True,False,True,17812,1371080441,2026-08-24T13:13:22Z,Expedia Group
0.0,0,1749070,0,True,False,True,17812,1371080519,2026-08-24T13:14:00Z,Expedia Group
0.0,1,48760159,1,False,False,False,5569,1363283132,2026-07-09T05:49:23Z,Fathom Entertainment
0.0,1,11225,1,True,False,False,57351,1365092456,2026-07-20T05:34:56Z,Ferrari
0.0,1,21491693,1,False,False,False,682,1365023586,2026-07-19T21:02:39Z,Forestar Group
0.0,0,883877,0,False,False,False,2417,1358764150,2026-06-10T20:10:49Z,Fortrea
0.0019001075926446953,0,883877,0,False,False,True,2417,1368826096,2026-08-11T09:05:53Z,Fortrea
0.0,1,33318775,1,False,False,False,2364,1364493807,2026-07-16T22:14:20Z,Fortune Brands Innovations
0.0,1,58734970,1,True,False,False,29663,1366551113,2026-07-28T17:41:56Z,Fox Corporation
0.0,1,486512,1,False,False,False,4750,1371810921,2026-08-28T16:11:01Z,Freescale Semiconductor
0.0,1,3107519,1,False,False,False,2762,1366935402,2026-07-30T23:57:20Z,Fresh Del Monte Produce
0.0010966432038505003,1,3107519,1,False,False,True,2762,1371767572,2026-08-28T09:38:04Z,Fresh Del Monte Produce
0.0,0,41017501,0,False,False,False,1764,1357812112,2026-06-04T20:37:01Z,Gaming and Leisure Properties
0.0,1,851946,1,False,False,False,3194,1356499659,2026-05-28T03:46:27Z,Garrett Motion
0.0,1,23612103,1,False,False,False,198,1358758054,2026-06-10T19:23:35Z,GasTerra
0.0,1,633389,1,False,False,False,20235,1366206751,2026-07-26T21:30:00Z,GE Aerospace
0.01755574979356256,1,633389,1,False,False,True,20235,1368658550,2026-08-10T09:55:50Z,GE Aerospace
0.0,1,877606,1,False,False,False,15931,1360994427,2026-06-24T23:47:47Z,GE HealthCare
0.0,1,76454981,1,False,False,False,23372,1364488759,2026-07-16T21:32:17Z,GE Vernova
0.0,1,4311837,1,True,False,False,9759,1364245887,2026-07-15T11:50:22Z,Genpact
0.0,1,1496533,1,False,False,False,2125,1361005324,2026-06-25T01:22:54Z,Genworth Financial
0.0,1,8759337,1,False,False,False,8645,1366786992,2026-07-30T06:04:16Z,GEO Group
0.0,1,21801609,1,False,False,False,11880,1366678788,2026-07-29T13:42:15Z,GlobalFoundries
0.002949734864009068,1,21801609,1,False,False,True,11880,1369331400,2026-08-14T09:07:44Z,GlobalFoundries
0.0,1,70004642,1,False,False,False,1083,1343101297,2026-03-12T07:17:00Z,GlobalWafers
0.0,1,65950478,1,False,False,False,0,1356673812,2026-05-29T04:14:45Z,"Grail, Inc."
0.0,0,23443433,0,False,False,False,619,1360078464,2026-06-19T02:21:50Z,Grid Systems
